company,domain,company_employee_count,company_industry,icp_status,role_bucket,hiring_manager_buckets,relevant_job_title,job_url,job_source,num_relevant_jobs_at_company,num_distinct_functions_at_company,apollo_people_search_attempted,candidate_people_returned,title_matched_candidates,person_match_attempts,candidate_rejected_reason,hm_failure_reason,final_disposition,notes
"Ryan & Wetmore, PC",ryanandwetmore.com,45,accounting,PASS,finance,finance,Staff Accountant,https://www.linkedin.com/jobs/view/staff-accountant-at-ryan-wetmore-pc-4449128810,,5,1,True,0,0,0,UNVERIFIED_OFFICIAL_SOURCE,zero_apollo_people,UNVERIFIED,
Evlo AI,evlo.ai,,information technology & services,NEEDS_CHECK,engineering,data,Business Data Analyst,https://www.linkedin.com/jobs/view/business-data-analyst-at-evlo-ai-4449740371,,4,2,True,0,0,0,UNVERIFIED_OFFICIAL_SOURCE,zero_apollo_people,UNVERIFIED,
Evlo AI,evlo.ai,,information technology & services,NEEDS_CHECK,gtm_revenue,gtm_revenue,Revenue Operations Analyst,https://revpath.dealhub.io/jobs/580711012-revenue-operations-analyst,,4,2,True,0,0,0,UNVERIFIED_OFFICIAL_SOURCE,zero_apollo_people,UNVERIFIED,
Kenect,kenect.com,240,information technology & services,PASS,customer_success,customer_success,Customer Retention Specialist,https://www.indeed.com/viewjob?jk=83a71ba7220e12ed,,2,1,True,3,2,1,UNVERIFIED_OFFICIAL_SOURCE,attempted,UNVERIFIED,
Deerfield Group,deerfieldgroup.com,240,marketing & advertising,PASS,marketing,marketing,Email Marketing Specialist,https://www.linkedin.com/jobs/view/email-marketing-specialist-at-deerfield-group-4446638686,,2,1,True,0,0,0,UNVERIFIED_OFFICIAL_SOURCE,zero_apollo_people,UNVERIFIED,
Tines,tines.com,620,information technology & services,PASS,people_hr,people_hr,People Operations Specialist,https://www.learn4good.com/jobs/worcester/massachusetts/hr_and_recruitment/5333113309/e/,,2,1,True,1,0,0,UNVERIFIED_OFFICIAL_SOURCE,no_title_match,UNVERIFIED,
Gray & Creech Office Solutions,gcoffice.solutions,36,information technology & services,PASS,gtm_revenue,gtm_revenue,Sales Development Representative,https://www.indeed.com/viewjob?jk=d74393cdcfe9087e,,2,1,True,0,0,0,UNVERIFIED_OFFICIAL_SOURCE,zero_apollo_people,UNVERIFIED,
American Wire Works,americanwireworks.com,,,NEEDS_CHECK,gtm_revenue,gtm_revenue,Inside Sales Representative,https://www.linkedin.com/jobs/view/inside-sales-representative-at-american-wire-works-4448895115,,2,1,True,0,0,0,UNVERIFIED_OFFICIAL_SOURCE,zero_apollo_people,UNVERIFIED,
Pennex,pennex.com,400,mining & metals,PASS,gtm_revenue,gtm_revenue,Inside Sales Representative,https://www.linkedin.com/jobs/view/inside-sales-representative-at-pennex-4450684624,,2,1,True,2,1,1,UNVERIFIED_OFFICIAL_SOURCE,attempted,UNVERIFIED,
Sironik Tech Pvt. Ltd.,sironiktech.com,,,NEEDS_CHECK,product,product,UI/UX Designer,https://www.linkedin.com/jobs/view/ui-ux-designer-at-sironik-tech-pvt-ltd-4449138405,,2,1,True,0,0,0,UNVERIFIED_OFFICIAL_SOURCE,zero_apollo_people,UNVERIFIED,
W3care,w3care.com,65,information technology & services,PASS,ecommerce,ecommerce,Shopify Developer,https://bebee.com/us/jobs/shopify-developer-w3care-technologies-seattle--lensa-2365_1ed1bf67ce66a8e324788a8e8a178270142d30c70ae0d3a0e91447ad48ba863d,,2,1,True,2,0,0,UNVERIFIED_OFFICIAL_SOURCE,no_title_match,UNVERIFIED,
Sares Regis Group,sares-regis.com,770,real estate,PASS,customer_support,customer_support,Community Manager,https://bebee.com/us/jobs/community-manager-sares-regis-group-issaquah--lifeworq-e66819c2-9ac8-400c-843c-776fe2a17dd4,,1,1,True,0,0,0,UNVERIFIED_OFFICIAL_SOURCE,zero_apollo_people,UNVERIFIED,
Surya Carpet,suryacarpet.net,,,NEEDS_CHECK,marketing,marketing,Social Media Manager,https://bebee.com/us/jobs/social-media-manager-surya-carpet-mt-berry--lensa-7428_14ee8243765f74656b48f91812b95ed2bbc2af711fc1426cfc2c279cd5bc6dad,,1,1,True,0,0,0,UNVERIFIED_OFFICIAL_SOURCE,zero_apollo_people,UNVERIFIED,
Lessard Design Inc.,lessarddesign.com,120,architecture & planning,PASS,marketing,marketing,Marketing Coordinator,https://www.linkedin.com/jobs/view/marketing-coordinator-at-lessard-design-inc-4448470659,,1,1,True,0,0,0,UNVERIFIED_OFFICIAL_SOURCE,zero_apollo_people,UNVERIFIED,
WorldTrips® Travel Insurance,worldtrips.com,100,insurance,PASS,people_hr,people_hr,Recruiting Coordinator,https://bebee.com/us/jobs/recruiting-coordinator-worldtrips-carmel--lensa-7428_2701fa947c46db0bb31ca73df1839997fe1a05ae194d1f2b2a584828c9cc591a,,1,1,True,1,0,0,UNVERIFIED_OFFICIAL_SOURCE,no_title_match,UNVERIFIED,
Earthwise Environmental Solutions LLC,earthwisees.com,,,NEEDS_CHECK,gtm_revenue,gtm_revenue,Inside Sales Representative,https://bebee.com/us/jobs/inside-sales-representative-earthwise-environmental-solutions-llc-bentleyville--lensa-19327_cd99814b8e4593f4554488916448a7b1ebae46658f3b0c47222bc4f6b11f1d10,,1,1,True,0,0,0,UNVERIFIED_OFFICIAL_SOURCE,zero_apollo_people,UNVERIFIED,
C.P. Hart,cphart.co.uk,280,retail,PASS,gtm_revenue,gtm_revenue,CRM Administrator,https://builtin.com/job/crm-administrator/10558997,,1,1,True,0,0,0,UNVERIFIED_OFFICIAL_SOURCE,zero_apollo_people,UNVERIFIED,
"Pixels Infotech Pvt Ltd.,",pixelsinfotech.com,,,NEEDS_CHECK,marketing,marketing,Web Designer,https://bebee.com/us/jobs/web-designer-pixels-infotech-oakland--lensa-7428_dd514b6ec80340633959395ac4ea64fc4c163d4318eaa35f6b0d8e9ab2bfd8b7,,1,1,True,0,0,0,UNVERIFIED_OFFICIAL_SOURCE,zero_apollo_people,UNVERIFIED,
R2 Global,r2-global.com,82,information technology & services,PASS,ecommerce,ecommerce,Ecommerce Manager,https://www.linkedin.com/jobs/view/ecommerce-manager-at-r2-global-4449105224,,1,1,True,1,1,0,UNVERIFIED_OFFICIAL_SOURCE,all_candidates_previously_attempted,UNVERIFIED,
Five Star Bank - California,fivestarbank.com,210,banking,PASS,marketing,marketing,Marketing Automation Specialist,https://jobs.digitalhire.com/job-listing/opening/5dAjQkhT3x8DTBRMfpFMPO,,1,1,True,2,1,0,UNVERIFIED_OFFICIAL_SOURCE,all_candidates_previously_attempted,UNVERIFIED,
Kedia Capital Services Private Limited,kediacapital.com,160,financial services,PASS,customer_support,customer_support,Customer Experience Specialist,https://bebee.com/us/jobs/customer-experience-specialist-kedia-chesapeake--lensa-7428_428b1919247fbed794b6f100f2cf5e2fda3035835450ebabfc6889be5df1324e,,1,1,True,0,0,0,UNVERIFIED_OFFICIAL_SOURCE,zero_apollo_people,UNVERIFIED,
Cocomint Inc.,cocomintbeauty.com,,,NEEDS_CHECK,marketing,marketing,Performance Marketing Associate,https://www.linkedin.com/jobs/view/performance-marketing-associate-at-cocomint-inc-4448565997,,1,1,True,0,0,0,UNVERIFIED_OFFICIAL_SOURCE,zero_apollo_people,UNVERIFIED,
adidas,adidas-group.com,,,NEEDS_CHECK,marketing,marketing,Adidas Performance Marketing Specialist,https://www.talent.com/view?id=631573691769228581,,2,1,True,100,90,8,UNVERIFIED_OFFICIAL_SOURCE,attempted,UNVERIFIED,
REI Systems,reisystems.com,860,information technology & services,PASS,marketing,marketing,Graphic Designer,https://www.linkedin.com/jobs/view/graphic-designer-at-rei-systems-4449929550,,1,1,True,0,0,0,UNVERIFIED_OFFICIAL_SOURCE,zero_apollo_people,UNVERIFIED,
Workada,workada.com,74,information technology & services,PASS,engineering,data,Data Labeling Specialist: Remote Contract,https://bebee.com/us/jobs/data-labeling-specialist-remote-contract-workada-riverdale-md--jooble--2611021166921339382,,4,1,True,0,0,0,UNVERIFIED_OFFICIAL_SOURCE,zero_apollo_people,UNVERIFIED,
"CBX Solutions, LLC",cbxsolutions.com,650,construction,PASS,finance,finance,Service Contract Billing Specialist,https://www.linkedin.com/jobs/view/service-contract-billing-specialist-at-cbx-solutions-llc-4449931334,,3,2,True,2,2,0,UNVERIFIED_OFFICIAL_SOURCE,all_candidates_previously_attempted,UNVERIFIED,
"CBX Solutions, LLC",cbxsolutions.com,650,construction,PASS,people_hr,people_hr,Sales Compensation Analyst,https://www.linkedin.com/jobs/view/sales-compensation-analyst-at-cbx-solutions-llc-4450269997,,3,2,True,2,2,2,UNVERIFIED_OFFICIAL_SOURCE,attempted,UNVERIFIED,
Twine,twine.net,190,information technology & services,PASS,marketing,marketing,Freelance Copywriter,https://www.twine.net/projects/b9o2v0-we-need-a-video-editor-to-combine-existing-video-clips-into-a-finished-narrated-informational-video-video-editor-in-new-paltz-united-states-job,,3,1,True,0,0,0,UNVERIFIED_OFFICIAL_SOURCE,zero_apollo_people,UNVERIFIED,
SecurityScorecard,securityscorecard.com,580,information technology & services,PASS,people_hr,people_hr,"Compensation Analyst, Revenue Operations",https://www.linkedin.com/jobs/view/compensation-analyst-revenue-operations-at-securityscorecard-4450201086,,3,1,True,3,2,0,UNVERIFIED_OFFICIAL_SOURCE,all_candidates_previously_attempted,UNVERIFIED,
LeoLabs,leolabs.space,120,defense & space,PASS,people_hr,people_hr,Strategic Technical Recruiter for AI & Space Tech,https://bebee.com/us/jobs/strategic-technical-recruiter-for-ai-space-tech-leolabs-inc-washington--lensa-7428_dcdfc520db146d1177eeedd419a59bff32f48433418b201ab27b63df6c6fd139,,3,1,True,0,0,0,UNVERIFIED_OFFICIAL_SOURCE,zero_apollo_people,UNVERIFIED,
HomeServices of America,homeservices.com,370,real estate,PASS,customer_support,customer_support,Customer Experience Specialist – Property Management Support,https://www.jobleads.com/us/job/customer-experience-specialist-property-management-support--fredericksburg--ea56284da4566905719e13ca9072ea50b,,2,1,True,0,0,0,UNVERIFIED_OFFICIAL_SOURCE,zero_apollo_people,UNVERIFIED,
Circle K,circlek.eu,150,retail,PASS,customer_support,customer_support,Customer Service Representative,https://workwithus.circlek.com/global/en/job/CIKCGLOBALR610148EXTERNALENGLOBAL/Customer-Service-Representative,,2,1,True,0,0,0,UNVERIFIED_OFFICIAL_SOURCE,zero_apollo_people,UNVERIFIED,
"American Pest Control, Inc.",ampest.com,130,environmental services,PASS,finance,finance,Senior Collections Specialist,https://www.linkedin.com/jobs/view/senior-collections-specialist-at-american-pest-4449084927,,2,1,True,0,0,0,UNVERIFIED_OFFICIAL_SOURCE,zero_apollo_people,UNVERIFIED,
Inteletech Global Inc,inteletechglobal.com,45,staffing & recruiting,PASS,people_hr,people_hr,People Operations Specialist Employee Experience & HR Support,https://bebee.com/us/jobs/people-operations-specialist-employee-experience-hr-support-inteletech-global-inc-draper--lensa-7428_54abb08f143adf94e9d84bb883194109e67ca4731e9cb87240c9a0ef94ab2535,,2,1,True,0,0,0,UNVERIFIED_OFFICIAL_SOURCE,zero_apollo_people,UNVERIFIED,
Kurppa Hosk,kurppahosk.com,200,design,PASS,marketing,marketing,"[""Motion Designer"",""Motion Designer""]",https://www.careerbuilder.com/job-details/-motion-designer-motion-designer-chicago-il--e1f5ee34-914c-4840-81ad-eec1e38f687b,,2,1,True,0,0,0,UNVERIFIED_OFFICIAL_SOURCE,zero_apollo_people,UNVERIFIED,
Thermomix® USA,thermomix.com,190,mechanical or industrial engineering,PASS,ecommerce,ecommerce,Shopify Developer — Growth-Focused eCommerce Experience,https://www.jobleads.com/us/job/shopify-developer-growth-focused-ecommerce-experience--dallas--ee97828e8ae05e9b97c1803f502cbc32e,,2,1,True,0,0,0,UNVERIFIED_OFFICIAL_SOURCE,zero_apollo_people,UNVERIFIED,
Vanguard Phoenix,vanguardjobs.com,,financial services,NEEDS_CHECK,engineering,engineering,Senior Mobile DevOps Engineer,https://www.vanguardjobs.com/job/23661277/senior-mobile-devops-engineer-malvern-pa/,,1,1,True,0,0,0,UNVERIFIED_OFFICIAL_SOURCE,zero_apollo_people,UNVERIFIED,
Dreamscape Learn,dreamscapelearn.com,120,education management,PASS,engineering,engineering,QA Analyst II (Contract),https://www.qajobs.co/jobs/qa-analyst-ii-contract-c0Cnm7AwLl,,1,1,True,0,0,0,UNVERIFIED_OFFICIAL_SOURCE,zero_apollo_people,UNVERIFIED,
Soho Square Solutions,sohosquaresolutions.com,170,management consulting,PASS,engineering,data,PostgreSQL Database Administrator (remote),https://bebee.com/us/jobs/postgresql-database-administrator-remote-soho-square-solutions-oberlin--fj-2294338622,,1,1,True,0,0,0,UNVERIFIED_OFFICIAL_SOURCE,zero_apollo_people,UNVERIFIED,
Horizon Goodwill Industries,horizongoodwill.org,600,civic & social organization,PASS,finance,finance,"AP/AR Specialist: Payables, Receivables & Reconciliations",https://bebee.com/us/jobs/ap-specialist-payables-receivables-reconciliations-horizon-goodwill-industries-hagerstown--lensa-7428_6ecdf74f1b59b7c73587b6efff416628820a97b1de56a9dd4c45c80f347900bd,,1,1,True,5,5,0,UNVERIFIED_OFFICIAL_SOURCE,all_candidates_previously_attempted,UNVERIFIED,
Compass Group,compass-usa.com,,,NEEDS_CHECK,finance,finance,BOOKKEEPER ADMINISTRATIVE (FULL TIME),https://jobs.compassgroupcareers.com/United_States/job/Decorah-BOOKKEEPER-ADMINISTRATIVE-%28FULL-TIME%29-IA-52101/1415842300/,,1,1,True,0,0,0,UNVERIFIED_OFFICIAL_SOURCE,zero_apollo_people,UNVERIFIED,
Claritus Solutions Group,claritus-group.com,,,NEEDS_CHECK,finance,finance,Part-Time Bookkeeper (Remote),https://bebee.com/us/jobs/part-time-bookkeeper-remote-claritus-accounting-group-evanston--lensa-2365_e510f6e44065242391303fbb02ce7aa0126dde434cf105b70774fa778e35f2fe,,1,1,True,0,0,0,UNVERIFIED_OFFICIAL_SOURCE,zero_apollo_people,UNVERIFIED,
Bridgeline Solutions,bridgelinesolutions.com,,,NEEDS_CHECK,finance,finance,Billing Specialist (Temp to Perm),https://www.linkedin.com/jobs/view/billing-specialist-temp-to-perm-at-bridgeline-solutions-4448014810,,1,1,True,0,0,0,UNVERIFIED_OFFICIAL_SOURCE,zero_apollo_people,UNVERIFIED,
Serco USA,serco-tools.com,,,NEEDS_CHECK,finance,finance,Closeout Billing Specialist,https://careers.serco-na.com/us/en/job/SUPSUAUS33189EXTERNALENUS/Closeout-Billing-Specialist,,1,1,True,0,0,0,UNVERIFIED_OFFICIAL_SOURCE,zero_apollo_people,UNVERIFIED,
StudioBinder Inc.,studiobinder.com,26,entertainment,PASS,marketing,marketing,StudioBinder is hiring: Content Marketing Specialist in Santa Monica,https://jobs.digitalhire.com/job-listing/opening/1EFsRpxNFvLpF0KzP8tlXF,,1,1,True,0,0,0,UNVERIFIED_OFFICIAL_SOURCE,zero_apollo_people,UNVERIFIED,
Future Caucus,futurecaucus.org,29,political organization,PASS,marketing,marketing,Social Media Copywriter (Contract),https://www.linkedin.com/jobs/view/social-media-copywriter-contract-at-future-caucus-4446281271,,1,1,True,0,0,0,UNVERIFIED_OFFICIAL_SOURCE,zero_apollo_people,UNVERIFIED,
3 Little Birds Interactive,3littlebirdsinteractive.com,,,NEEDS_CHECK,marketing,marketing,Growth Marketing Manager US Expansion,https://bebee.com/us/jobs/growth-marketing-manager-us-expansion-3-little-birds-interactive-totowa--lensa-7428_f4def3aa858382d61060c0eeb4818b42d0531aaf7c28ebe325c470ee1679f460,,1,1,True,0,0,0,UNVERIFIED_OFFICIAL_SOURCE,zero_apollo_people,UNVERIFIED,
zeelva,zeelva.store,,,NEEDS_CHECK,marketing,marketing,Freelance Paid Media Manager,https://www.linkedin.com/jobs/view/freelance-paid-media-manager-at-zeelva-4449996958,,1,1,True,0,0,0,UNVERIFIED_OFFICIAL_SOURCE,zero_apollo_people,UNVERIFIED,
Integrated Cooling Solutions,integratedcooling.com,130,machinery,PASS,marketing,marketing,Remote Senior PPC Specialist: Google Ads & YouTube Growth,https://bebee.com/us/jobs/remote-senior-ppc-specialist-google-ads-youtube-growth-integratedcooling-washington--lensa-7428_16ceb0ffc3bfebad8492786a93096ef1725bc674ce1bc726233b02438c450eda,,1,1,True,0,0,0,UNVERIFIED_OFFICIAL_SOURCE,zero_apollo_people,UNVERIFIED,
Haypp Group,hayppgroup.com,290,retail,PASS,marketing,marketing,Arlington-Based Ecommerce SEO Specialist for Growth,https://bebee.com/us/jobs/arlington-based-ecommerce-seo-specialist-for-growth-haypp-group-arlington--lensa-7428_c175c463032c0abf8ef3ac891799a97d218fc70e9c601c7ce4a2d8afb4702ef9,,1,1,True,1,1,0,UNVERIFIED_OFFICIAL_SOURCE,all_candidates_previously_attempted,UNVERIFIED,
Century Bank,mycenturybank.com,150,banking,PASS,people_hr,people_hr,"[""HR Operations Specialist"",""HR Operations Specialist""]",https://www.monster.com/job-openings/-hr-operations-specialist-hr-operations-specialist-brockton-ma--95b128a6-1537-4c64-999d-1e000cec95b7,,1,1,True,0,0,0,UNVERIFIED_OFFICIAL_SOURCE,zero_apollo_people,UNVERIFIED,
C4 Technical Services,c4techservices.com,250,information technology & services,PASS,people_hr,people_hr,"Jr. Technical Recruiter Eagan, MN (Onsite)",https://www.talent.com/view?id=630925572853074258,,1,1,True,1,1,1,UNVERIFIED_OFFICIAL_SOURCE,attempted,UNVERIFIED,
Total Comfort Solutions,totalcomfortsolutions.com,160,facilities services,PASS,gtm_revenue,gtm_revenue,In-Store Lead Generation Specialist,https://jobs.womenforhire.com/job/usa/wyndham-va/in-store-lead-generation-specialist-361497/,,1,1,True,0,0,0,UNVERIFIED_OFFICIAL_SOURCE,zero_apollo_people,UNVERIFIED,
Havenpark Communities,havenparkcommunities.com,250,real estate,PASS,gtm_revenue,gtm_revenue,Lead Generation Specialist High-Volume Pipeline,https://bebee.com/us/jobs/lead-generation-specialist-high-volume-pipeline-havenpark-communities-sanger--lensa-7428_a71f1f074604ef05565ec9229db78bed0821bd7adf267e13601fb71dd05fc845,,1,1,True,0,0,0,UNVERIFIED_OFFICIAL_SOURCE,zero_apollo_people,UNVERIFIED,
The SEER Group,theseergroup.com,68,consumer services,PASS,gtm_revenue,gtm_revenue,Lead Generation Specialist (No Sales Req'd) (55003),https://bebee.com/us/jobs/lead-generation-specialist-no-sales-reqd-55003-seer-group-scappoose--ss-us-1def3sr,,1,1,True,2,1,1,UNVERIFIED_OFFICIAL_SOURCE,attempted,UNVERIFIED,
ComplyAdvantage,complyadvantage.com,460,information technology & services,PASS,gtm_revenue,gtm_revenue,"Deal Desk Analyst: Pricing, Analytics & Ops (Contract)",https://www.jobleads.com/us/job/deal-desk-analyst-pricing-analytics-ops-contract--united-states--ecc099af08cf5f4a32d67b335c0f55dc0,,1,1,True,1,1,1,UNVERIFIED_OFFICIAL_SOURCE,attempted,UNVERIFIED,
Code4lib,code4lib.org,,,NEEDS_CHECK,gtm_revenue,gtm_revenue,Tessitura CRM Administrator & Data Steward,https://bebee.com/us/jobs/tessitura-crm-administrator-data-steward-code4lib-washington--lensa-7428_d100a463060c66f7f628d415a24eb063be9a9a5506b44aab8d8d7c9fd65fa8b0,,1,1,True,0,0,0,UNVERIFIED_OFFICIAL_SOURCE,zero_apollo_people,UNVERIFIED,
Semios,semios.com,300,farming,PASS,gtm_revenue,partnerships,Channel Sales and Partnerships Manager,https://www.linkedin.com/jobs/view/channel-sales-and-partnerships-manager-at-semios-4449311794,,1,1,True,0,0,0,UNVERIFIED_OFFICIAL_SOURCE,zero_apollo_people,UNVERIFIED,
United Soccer League (USL),uslsoccer.com,130,sports,PASS,marketing,marketing,Video Producer & Editor,https://www.teamworkonline.com/soccer-jobs/usl-soccer-jobs/usl-league-office-jobs/video-producer-editor-2183379,,1,1,True,1,0,0,UNVERIFIED_OFFICIAL_SOURCE,no_title_match,UNVERIFIED,
Mytonomy,mytonomy.com,45,information technology & services,PASS,marketing,marketing,Healthcare Content Writer & Researcher,https://bebee.com/us/jobs/healthcare-content-writer-researcher-mytonomy-bethesda--lensa-7428_a529c6c58902ef61914ca57a7f1649e6f7eecc60343ae9efd9dac3a428cdff09,,1,1,True,0,0,0,UNVERIFIED_OFFICIAL_SOURCE,zero_apollo_people,UNVERIFIED,
The Tatitlek Corporation,tatitlek.com,610,information technology & services,PASS,product,product,*Technical Writer III*,https://jobs.womenforhire.com/job/usa/port-royal-va/technical-writer-iii-299068/,,1,1,True,0,0,0,UNVERIFIED_OFFICIAL_SOURCE,zero_apollo_people,UNVERIFIED,
Nordic Naturals,nordic.com,370,"health, wellness & fitness",PASS,ecommerce,ecommerce,Sr. E-Commerce Manager,https://www.linkedin.com/jobs/view/sr-e-commerce-manager-at-nordic-naturals-4448271151,,1,1,True,2,0,0,UNVERIFIED_OFFICIAL_SOURCE,no_title_match,UNVERIFIED,
Purvis Industries,purvisindustries.com,750,mechanical or industrial engineering,PASS,ecommerce,ecommerce,"[""E-Commerce Manager"",""E-Commerce Manager""]",https://www.monster.com/job-openings/-e-commerce-manager-e-commerce-manager-fort-worth-tx--5b07c0a9-166d-409d-9888-1f89856b595d,,1,1,True,0,0,0,UNVERIFIED_OFFICIAL_SOURCE,zero_apollo_people,UNVERIFIED,
Greenbaum Stiers Strategic Marketing Group,greenbaumstiers.com,28,marketing & advertising,PASS,marketing,marketing,Paid Advertising Specialist,https://www.mediabistro.com/jobs/3542847524-paid-advertising-specialist,,1,1,True,1,1,0,UNVERIFIED_OFFICIAL_SOURCE,all_candidates_previously_attempted,UNVERIFIED,
Decisions,decisions.com,330,information technology & services,PASS,marketing,marketing,Senior Paid Media Manager,https://www.jobtarget.com/jobs/jt-gv1z478ln1/senior-paid-media-manager-virginia-beach-virginia,,1,1,True,1,0,0,UNVERIFIED_OFFICIAL_SOURCE,no_title_match,UNVERIFIED,
"Smart Start, Inc.",smartstartinc.com,550,public safety,PASS,customer_support,customer_support,Remote Retention Specialist,https://bebee.com/us/jobs/remote-retention-specialist-smart-start-inc-blacksburg-va--jooble-7859308823379494709,,4,1,True,2,2,2,UNVERIFIED_OFFICIAL_SOURCE,attempted,UNVERIFIED,
"Herrschners, Inc.",herrschners.com,51,mechanical or industrial engineering,PASS,marketing,marketing,Email Designer,https://www.linkedin.com/jobs/view/email-designer-at-herrschners-inc-4449141263,,2,1,True,0,0,0,UNVERIFIED_OFFICIAL_SOURCE,zero_apollo_people,UNVERIFIED,
The Little Clinic,krogerfamilycareers.com,940,"health, wellness & fitness",PASS,ecommerce,ecommerce,e-COMMERCE/DEPARTMENT LEAD,https://www.krogerfamilycareers.com/en/job/214181?utm_medium=search+engine&utm_source=google,,2,2,True,0,0,0,UNVERIFIED_OFFICIAL_SOURCE,zero_apollo_people,UNVERIFIED,
The Little Clinic,krogerfamilycareers.com,940,"health, wellness & fitness",PASS,customer_support,customer_support,e-COMMERCE/CLERK,https://www.krogerfamilycareers.com/en/job/189142?utm_medium=search+engine&utm_source=google,,2,2,True,1,1,1,UNVERIFIED_OFFICIAL_SOURCE,attempted,UNVERIFIED,
Coalition Technologies,coalitiontechnologies.com,320,marketing & advertising,PASS,ecommerce,ecommerce,Shopify Frontend Engineer (Theme & Apps),https://bebee.com/us/jobs/shopify-frontend-engineer-theme-apps-coalition-technologies-louisiana-mo--jooble--931281783913822979,,2,1,True,1,0,0,UNVERIFIED_OFFICIAL_SOURCE,no_title_match,UNVERIFIED,
Filson,filson.com,350,retail,PASS,customer_success,customer_success,"[""Lifecycle Marketing Manager"",""Lifecycle Marketing Manager""]",https://www.monster.com/job-openings/-lifecycle-marketing-manager-lifecycle-marketing-manager-seattle-wa--2d64ac0e-ac9e-4cc7-a759-a58dfd20a572,,1,1,True,1,1,1,UNVERIFIED_OFFICIAL_SOURCE,attempted,UNVERIFIED,
ScreenBeam Inc.,screenbeam.com,66,information technology & services,PASS,marketing,marketing,Lifecycle Marketing & Ops Specialist (HubSpot + Salesforce),https://bebee.com/us/jobs/lifecycle-marketing-ops-specialist-hubspot-salesforce-screenbeam-inc-san-jose-ca--jooble-8298720224876430579,,1,1,True,0,0,0,UNVERIFIED_OFFICIAL_SOURCE,zero_apollo_people,UNVERIFIED,
Mt. Pleasant Window & Remodeling Co.,mtpleasantwindow.com,26,construction,PASS,operations,operations,Operations Specialist,https://www.simplyhired.com/job/MsECSPWGpnsiFozvwm6pKABYhJ9PTuQReRXhfo6dVwMa28a29EuJrg,,1,1,True,0,0,0,UNVERIFIED_OFFICIAL_SOURCE,zero_apollo_people,UNVERIFIED,
"Rigaku Americas Holding, Inc.",rigaku-holdings.com,,,NEEDS_CHECK,customer_support,customer_support,Human Resources Advisor,https://startup.jobs/human-resources-advisor-rigaku-americas-holding-inc-8931968,,1,1,True,0,0,0,UNVERIFIED_OFFICIAL_SOURCE,zero_apollo_people,UNVERIFIED,
Infinity by Marvin,infinitywindows.com,110,building materials,PASS,customer_support,customer_support,Brand Ambassador - Lead Generator,https://www.linkedin.com/jobs/view/brand-ambassador-lead-generator-at-infinity-by-marvin-4448133721,,1,1,True,0,0,0,UNVERIFIED_OFFICIAL_SOURCE,zero_apollo_people,UNVERIFIED,
AutoFair Automotive Group,autofair.com,600,automotive,PASS,customer_support,customer_support,Lead Generation Manager,https://www.linkedin.com/jobs/view/lead-generation-manager-at-autofair-automotive-group-4447330797,,1,1,True,0,0,0,UNVERIFIED_OFFICIAL_SOURCE,zero_apollo_people,UNVERIFIED,
Mindrift,mindrift.ai,750,information technology & services,PASS,engineering,engineering,"Chatbot Developer (WhatsApp, Telegram, Discord) - Freelance",https://www.linkedin.com/jobs/view/chatbot-developer-whatsapp-telegram-discord-freelance-at-mindrift-4448311452,,1,1,True,0,0,0,UNVERIFIED_OFFICIAL_SOURCE,zero_apollo_people,UNVERIFIED,
Kroger,thekrogerco.com,,,NEEDS_CHECK,ecommerce,ecommerce,e-COMMERCE/DEPARTMENT LEAD,https://www.linkedin.com/jobs/view/e-commerce-department-lead-at-kroger-4450629842,,1,1,True,4,0,0,UNVERIFIED_OFFICIAL_SOURCE,no_title_match,UNVERIFIED,
Beauty Elite Group,beautyelitegroup.com,28,cosmetics,PASS,gtm_revenue,gtm_revenue,Amazon Marketplace Growth Specialist,https://bebee.com/us/jobs/amazon-marketplace-growth-specialist-beauty-elite-group-houston--lensa-7428_fa5b49d934fea0189ec679fb1035be52c815fc104490877f2501bf0be663f4ed,,1,1,True,1,1,1,UNVERIFIED_OFFICIAL_SOURCE,attempted,UNVERIFIED,
Kids Empire,kidsempire.com,490,entertainment,PASS,customer_success,customer_success,Email & Lifecycle Marketing Manager,https://www.linkedin.com/jobs/view/email-lifecycle-marketing-manager-at-kids-empire-4448464790,,2,1,True,0,0,0,UNVERIFIED_OFFICIAL_SOURCE,zero_apollo_people,UNVERIFIED,
The Kinsley Group,kinsley-group.com,180,oil & energy,PASS,customer_success,customer_success,Customer Onboarding & Success Manager,https://bebee.com/us/jobs/customer-onboarding-success-manager-kinsley-power-systems-londonderry--lensa-7428_12578c08ed1d3d757fca55966c0820f7ea05bc875d9b7c4b9a624e57ee89621b,,1,1,True,0,0,0,UNVERIFIED_OFFICIAL_SOURCE,zero_apollo_people,UNVERIFIED,
Squads,squads.xyz,36,financial services,PASS,customer_success,customer_success,Remote Onboarding Operations Specialist (KYC/Compliance),https://www.jobleads.com/us/job/remote-onboarding-operations-specialist-kyc-compliance--united-states--efb7769a2965410ebd66fe6130020ce02,,1,1,True,2,2,2,UNVERIFIED_OFFICIAL_SOURCE,attempted,UNVERIFIED,
RoibyRoy,roibyroy.com,,,NEEDS_CHECK,gtm_revenue,gtm_revenue,SEO Outreach Specialist,https://www.linkedin.com/jobs/view/seo-outreach-specialist-at-roibyroy-4449132158,,1,1,True,0,0,0,UNVERIFIED_OFFICIAL_SOURCE,zero_apollo_people,UNVERIFIED,
"Ursus, Inc.",ursusinc.com,250,staffing & recruiting,PASS,customer_success,customer_success,Marketing Project Manager III,https://jobs.digitalhire.com/job-listing/opening/2R9zm8PSRIigpHIVeRslaf,,1,1,True,0,0,0,UNVERIFIED_OFFICIAL_SOURCE,zero_apollo_people,UNVERIFIED,
ABCO Facility Maintenance,abcomaintenance.com,84,facilities services,PASS,engineering,engineering,Construction and Maintenance Project Manager (Remote),https://www.linkedin.com/jobs/view/construction-and-maintenance-project-manager-remote-at-abco-facility-maintenance-4450634191,,1,1,True,1,1,1,UNVERIFIED_OFFICIAL_SOURCE,attempted,UNVERIFIED,
MARTIN Technologies - MARTIN Motorsports,haroldmartin.com,90,automotive,PASS,engineering,engineering,Operations Specialist,https://builtin.com/job/operations-specialist/10143361,,1,1,True,1,0,0,UNVERIFIED_OFFICIAL_SOURCE,no_title_match,UNVERIFIED,
Kandi America,kandiamerica.com,28,automotive,PASS,customer_success,customer_success,HR & Administrative Specialist,https://www.linkedin.com/jobs/view/hr-administrative-specialist-at-kandi-america-4449661325,,1,1,True,1,0,0,UNVERIFIED_OFFICIAL_SOURCE,no_title_match,UNVERIFIED,
Pearl Abyss,pearlabyss.com,650,computer games,PASS,customer_success,customer_success,HR Coordinator,https://www.linkedin.com/jobs/view/hr-coordinator-at-pearl-abyss-america-4449311399,,1,1,True,0,0,0,UNVERIFIED_OFFICIAL_SOURCE,zero_apollo_people,UNVERIFIED,
Remote Cloud,remotetalentcloud.com,,information technology & services,NEEDS_CHECK,engineering,engineering,AI Training Specialist (Data Annotation),https://www.monster.com/job-openings/ai-training-specialist-data-annotation-atlanta-ga--2967e734-8f56-4785-8eb1-6478f6eae4d3,,1,1,True,0,0,0,UNVERIFIED_OFFICIAL_SOURCE,zero_apollo_people,UNVERIFIED,
NY 411,ny411.com,,,NEEDS_CHECK,engineering,engineering,Founding Producer: Podcast Post-Production & Clips,https://www.jobleads.com/us/job/founding-producer-podcast-post-production-clips--new-york--ef011a5d8e1f83825ed9df639c47c1f6b,,1,1,True,0,0,0,UNVERIFIED_OFFICIAL_SOURCE,zero_apollo_people,UNVERIFIED,
VCA West Los Angeles Animal Hospital,vcahospitals.com,95,veterinary,PASS,engineering,engineering,Internist,https://www.vcacareers.com/global/en/job/R-249483/Internist,,1,1,True,0,0,0,UNVERIFIED_OFFICIAL_SOURCE,zero_apollo_people,UNVERIFIED,
Truly Good Foods,trulygoodfoods.com,58,food & beverages,PASS,customer_success,customer_success,Customer Success Lead: Grow & Retain Key Accounts,https://www.jobleads.com/us/job/customer-success-lead-grow-retain-key-accounts--upper-marlboro--e84284760c7fc75834b1d7c3127c9f348,,1,1,True,1,1,1,UNVERIFIED_OFFICIAL_SOURCE,attempted,UNVERIFIED,
Topsort,topsort.com,160,information technology & services,PASS,gtm_revenue,gtm_revenue,"Account Executive Toppie, Brazil",https://job-boards.greenhouse.io/topsort/jobs/5217907008,ats_greenhouse,20,1,True,2,1,1,UNVERIFIED_OFFICIAL_SOURCE,attempted,UNVERIFIED,
OpusClip,opus.pro,160,information technology & services,PASS,gtm_revenue,gtm_revenue,AI Artist,https://jobs.ashbyhq.com/opusclip/eca25740-370c-48d0-a276-90e15587f8f2,ats_ashby,7,1,True,0,0,0,UNVERIFIED_OFFICIAL_SOURCE,zero_apollo_people,UNVERIFIED,
CFS,,,,NEEDS_CHECK,customer_support,customer_support,Bilingual Customer Service Representative,https://www.monster.com/job-openings/bilingual-customer-service-representative-hudson-oh--d7670930-8303-407b-93bd-245332e01f68,,4,2,False,,,0,UNVERIFIED_OFFICIAL_SOURCE,no_search_domain,UNVERIFIED,
CFS,,,,NEEDS_CHECK,finance,finance,Part Time AP Specialist,https://www.monster.com/job-openings/staff-accountant-middle-river-md--0be1fb6b-01fb-4de3-91c9-27645fd17a2b,,4,2,False,,,0,UNVERIFIED_OFFICIAL_SOURCE,no_search_domain,UNVERIFIED,
Bright Vision Technologies,,,,NEEDS_CHECK,gtm_revenue,gtm_revenue,QA Automation Framework Engineer,https://www.linkedin.com/jobs/view/qa-automation-framework-engineer-at-bright-vision-technologies-4449626516,,4,2,False,,,0,UNVERIFIED_OFFICIAL_SOURCE,no_search_domain,UNVERIFIED,
Bright Vision Technologies,,,,NEEDS_CHECK,engineering,data;engineering,Conversational AI Engineer,https://builtin.com/job/conversational-ai-engineer/10507378,,4,2,False,,,0,UNVERIFIED_OFFICIAL_SOURCE,no_search_domain,UNVERIFIED,
University of Pittsburgh,,,,NEEDS_CHECK,marketing,marketing,Email Marketing Specialist,https://jobs.womenforhire.com/job/usa/bairdford-pa/email-marketing-specialist-676885/,,2,1,False,,,0,UNVERIFIED_OFFICIAL_SOURCE,no_search_domain,UNVERIFIED,
HiredBuddy,,,,NEEDS_CHECK,engineering,data,Database Administrator,https://www.linkedin.com/jobs/view/database-administrator-at-hiredbuddy-4448219603,,1,1,False,,,0,UNVERIFIED_OFFICIAL_SOURCE,no_search_domain,UNVERIFIED,
"Innovative Refrigeration Systems, Inc.",,,,NEEDS_CHECK,marketing,marketing,Content Marketing Specialist,https://www.linkedin.com/jobs/view/content-marketing-specialist-at-innovative-refrigeration-systems-inc-4449994889,,1,1,False,,,0,UNVERIFIED_OFFICIAL_SOURCE,no_search_domain,UNVERIFIED,
"American-Nurses-Association,-Inc",,,,NEEDS_CHECK,marketing,marketing,Digital Marketing Specialist,https://jobs.digitalhire.com/job-listing/opening/2D3r2tkfKLofcRlhwbS7Xg,,1,1,False,,,0,UNVERIFIED_OFFICIAL_SOURCE,no_search_domain,UNVERIFIED,
Community Options,,,,NEEDS_CHECK,people_hr,people_hr,Recruiting Coordinator,https://bebee.com/us/jobs/recruiting-coordinator-community-options-pottsville--ss-us-1a89qqv,,1,1,False,,,0,UNVERIFIED_OFFICIAL_SOURCE,no_search_domain,UNVERIFIED,
Center for Sleep and Wake Disorders,,,,NEEDS_CHECK,gtm_revenue,gtm_revenue,Business Development Representative,https://bebee.com/us/jobs/business-development-representative-center-for-sleep-and-wake-disorders-mt-rainier--lensa-7428_26f7d4268891f34424a200eabaab3388f8b6c5073e39838fa301a4eb945cbab5,,1,1,False,,,0,UNVERIFIED_OFFICIAL_SOURCE,no_search_domain,UNVERIFIED,
META,,,,NEEDS_CHECK,engineering,engineering,Conversational AI Specialist,https://ai-search.io/job-board/meta-conversational-ai-specialist-20250228,,1,1,False,,,0,UNVERIFIED_OFFICIAL_SOURCE,no_search_domain,UNVERIFIED,
LVT,,,,NEEDS_CHECK,product,product,Technical Writer,https://startup.jobs/technical-writer-lvt-8921739,,1,1,False,,,0,UNVERIFIED_OFFICIAL_SOURCE,no_search_domain,UNVERIFIED,
FIRSTLIGHT,,,,NEEDS_CHECK,engineering,data,Business Intelligence Analyst,https://www.jobtarget.com/jobs/jt-mcrww76szr/business-intelligence-analyst-portsmouth-new-hampshire,,1,1,False,,,0,UNVERIFIED_OFFICIAL_SOURCE,no_search_domain,UNVERIFIED,
"Johnson & Johnson Services, Inc.",,,,NEEDS_CHECK,engineering,data;engineering,Data Science & AI Automation Lead,https://www.careers.jnj.com/he-il/jobs/r-092173/data-science-ai-automation-lead/,,4,2,False,,,0,UNVERIFIED_OFFICIAL_SOURCE,no_search_domain,UNVERIFIED,
"Johnson & Johnson Services, Inc.",,,,NEEDS_CHECK,operations,operations,Business Operations Analyst,https://www.careers.jnj.com/en/jobs/r-084487/business-operations-analyst/,,4,2,False,,,0,UNVERIFIED_OFFICIAL_SOURCE,no_search_domain,UNVERIFIED,
Philip Morris International U.S.,,,,NEEDS_CHECK,marketing,marketing,Performance Marketing Sr Specialist,https://join.pmicareers.com/gb/en/job/28189/Performance-Marketing-Sr-Specialist,,3,1,False,,,0,UNVERIFIED_OFFICIAL_SOURCE,no_search_domain,UNVERIFIED,
GIBBON North America,,,,NEEDS_CHECK,marketing,marketing,"Performance Marketing Manager, EMEA",https://jobs.digitalhire.com/job-listing/opening/3oWm29LpRUi4YyNIl5XpOz,,1,1,False,,,0,UNVERIFIED_OFFICIAL_SOURCE,no_search_domain,UNVERIFIED,
Cocomint Inc.,,,,NEEDS_CHECK,marketing,marketing,Performance Marketing Associate,https://www.linkedin.com/jobs/view/performance-marketing-associate-at-cocomint-inc-4448565997,,1,1,False,,,0,UNVERIFIED_OFFICIAL_SOURCE,no_search_domain,UNVERIFIED,
Paired,,,,NEEDS_CHECK,marketing,marketing,"Video Editor for Real Estate Educator & Influencer (Remote, US-based)",https://jobgether.com/offer/6a74eedd490731f1e187ef19-video-editor-for-real-estate-educator-influencer-remote-us-based,,1,1,False,,,0,UNVERIFIED_OFFICIAL_SOURCE,no_search_domain,UNVERIFIED,
College of Coastal Georgia,,,,NEEDS_CHECK,marketing,marketing,Graphic Designer,https://www.higheredjobs.com/Admin/details.cfm?JobCode=179520808&Title=Graphic%20Designer,,1,1,False,,,0,UNVERIFIED_OFFICIAL_SOURCE,no_search_domain,UNVERIFIED,
"Serenity Info Tech, Inc.",,,,NEEDS_CHECK,engineering,engineering,Sr. React Frontend Developer local in MD or VA,https://haystackapp.io/jobs/0a18e106-404e-470c-bcf6-a2f66f226432,,3,1,False,,,0,UNVERIFIED_OFFICIAL_SOURCE,no_search_domain,UNVERIFIED,
Cosmoquick,,,,NEEDS_CHECK,marketing,marketing,Senior Crm Marketing Specialist in Phoenix,https://cosmoquick.com/hire-experienced-in/phoenix/hire-experienced-crm-marketing-specialist,,3,2,False,,,0,UNVERIFIED_OFFICIAL_SOURCE,no_search_domain,UNVERIFIED,
Cosmoquick,,,,NEEDS_CHECK,ecommerce,ecommerce,Part-Time Data Catalog Specialist Jobs in Baton Rouge,https://www.cosmoquick.com/part-time-jobs-in/baton-rouge/part-time-data-catalog-specialist,,3,2,False,,,0,UNVERIFIED_OFFICIAL_SOURCE,no_search_domain,UNVERIFIED,
Jobgether,,,,NEEDS_CHECK,customer_success,customer_success,Product Marketing Manager (Remote Healthcare),https://jobs.digitalhire.com/job-listing/opening/2h47NCFAT49ASXiHMCUWBd,,3,2,False,,,0,UNVERIFIED_OFFICIAL_SOURCE,no_search_domain,UNVERIFIED,
Jobgether,,,,NEEDS_CHECK,gtm_revenue,gtm_revenue,"Mid-Enterprise Account Executive, Central",https://bebee.com/us/jobs/mid-enterprise-account-executive-central-jobgether-washington--lensa-2365_c9c63f572595642fb92ed4b4f806c4dc35eb39c988eddbc9aa22b1ba3c5ebfa3,,3,2,False,,,0,UNVERIFIED_OFFICIAL_SOURCE,no_search_domain,UNVERIFIED,
HII's Mission Technologies division,,,,NEEDS_CHECK,engineering,engineering,DSCA Full Stack Front-End Developer Mid (Software Development Analyst) - 29702,"https://jobs.hii-tsd.com/job/Arlington,-VA-DSCA-Full-Stack-Front-End-Developer-Mid-(Software-Development-Analyst)-29232-1-Remo/1416557400/",,2,1,False,,,0,UNVERIFIED_OFFICIAL_SOURCE,no_search_domain,UNVERIFIED,
Green Bay Packaging - Corporate,,,,NEEDS_CHECK,engineering,data,Business Intelligence Analyst 2,https://jobs.womenforhire.com/job/usa/de-pere-wi/business-intelligence-analyst-2-017093/,,2,1,False,,,0,UNVERIFIED_OFFICIAL_SOURCE,no_search_domain,UNVERIFIED,
State of South Carolina,,,,NEEDS_CHECK,operations,operations,Executive Assistant - State Office,https://www.governmentjobs.com/jobs/5432469-0/executive-assistant-state-office,,2,1,False,,,0,UNVERIFIED_OFFICIAL_SOURCE,no_search_domain,UNVERIFIED,
Minnesota Department of Human Services,,,,NEEDS_CHECK,people_hr,people_hr,"Classification & Compensation Analyst - Human Resources Specialist 1, 2 or 3",https://www.linkedin.com/jobs/view/classification-compensation-analyst-human-resources-specialist-1-2-or-3-at-minnesota-department-of-human-services-4448971429,,2,1,False,,,0,UNVERIFIED_OFFICIAL_SOURCE,no_search_domain,UNVERIFIED,
"Unique Industries, Inc.",,,,NEEDS_CHECK,people_hr,people_hr,Recruiter/Sr Recruiter,https://www.indeed.com/viewjob?jk=8cf0ed9798812f7d,,2,1,False,,,0,UNVERIFIED_OFFICIAL_SOURCE,no_search_domain,UNVERIFIED,
4M Building Solutions,,,,NEEDS_CHECK,gtm_revenue,gtm_revenue,"[""Account Manager"",""Account Manager""]",https://www.monster.com/job-openings/-account-manager-account-manager-faribault-mn--c914b54e-bb93-4081-98a2-1e6e6a8d6f24,,2,1,False,,,0,UNVERIFIED_OFFICIAL_SOURCE,no_search_domain,UNVERIFIED,
FMG,,,,NEEDS_CHECK,gtm_revenue,gtm_revenue,Sales Development Representative (Remote),https://www.linkedin.com/jobs/view/sales-development-representative-remote-at-fmg-4448901734,,2,1,False,,,0,UNVERIFIED_OFFICIAL_SOURCE,no_search_domain,UNVERIFIED,
Bjak,,,,NEEDS_CHECK,marketing,marketing,Senior Motion Designer,"https://www.ziprecruiter.com/c/Bjak/Job/Remote-Senior-Motion-Designer/-in-Basildon,GBR?jid=a2ecfebac1bd4a2b",,2,1,False,,,0,UNVERIFIED_OFFICIAL_SOURCE,no_search_domain,UNVERIFIED,
HT Travels,,,,NEEDS_CHECK,customer_support,customer_support,Customer Experience Specialist (Remote),https://www.linkedin.com/jobs/view/customer-experience-specialist-remote-at-ht-travels-4447631364,,1,1,False,,,0,UNVERIFIED_OFFICIAL_SOURCE,no_search_domain,UNVERIFIED,
CARROLL INDEPENDENT FUEL COMPANY,,,,NEEDS_CHECK,customer_support,customer_support,Customer Service Representative,https://www.paycomonline.net/v4/ats/web.php/portal/20F68CC121899E53DA792AF78C2E224A/jobs/59080,,1,1,False,,,0,UNVERIFIED_OFFICIAL_SOURCE,no_search_domain,UNVERIFIED,
MCI Careers,,,,NEEDS_CHECK,customer_support,customer_support,Work at Home Customer Service Agent (Full-Time & Part-Time) (FL),https://careers-mci.icims.com/jobs/48148/work-at-home-customer-service-agent-%28full-time-%26-part-time%29-%28fl%29/job,,1,1,False,,,0,UNVERIFIED_OFFICIAL_SOURCE,no_search_domain,UNVERIFIED,
NATIONAL GEOSPATIAL-INTELLIGENCE AGENCY,,,,NEEDS_CHECK,engineering,data,Data Analyst (AI Assurance Lead),https://www.usajobs.gov/job/878936900,,1,1,False,,,0,UNVERIFIED_OFFICIAL_SOURCE,no_search_domain,UNVERIFIED,
GSA,,,,NEEDS_CHECK,engineering,data,Data Scientist - Office of Governmentwide Policy,https://www.linkedin.com/jobs/view/data-scientist-office-of-governmentwide-policy-at-gsa-4450631608,,1,1,False,,,0,UNVERIFIED_OFFICIAL_SOURCE,no_search_domain,UNVERIFIED,
DLA Information Operations J6,,,,NEEDS_CHECK,engineering,data,Data Scientist (ARTIFICIAL INTELLIGENCE/MACHINE LEARNING),https://www.usajobs.gov/job/879505000,,1,1,False,,,0,UNVERIFIED_OFFICIAL_SOURCE,no_search_domain,UNVERIFIED,
State of Washington,,,,NEEDS_CHECK,engineering,data,"Data Scientist, Public Health Data Linkage (DSIS 3) DOH8949",https://www.governmentjobs.com/jobs/5434367-0/data-scientist-public-health-data-linkage-dsis-3-doh8949,,1,1,False,,,0,UNVERIFIED_OFFICIAL_SOURCE,no_search_domain,UNVERIFIED,
VA Maine Healthcare System,,,,NEEDS_CHECK,finance,finance,Supervisory Accountant,https://www.usajobs.gov/job/879567300,,1,1,False,,,0,UNVERIFIED_OFFICIAL_SOURCE,no_search_domain,UNVERIFIED,
City of Annapolis (MD),,,,NEEDS_CHECK,finance,finance,Accountant II (Payroll Administrator) (N13),https://www.governmentjobs.com/jobs/5430230-0/accountant-ii-payroll-administrator-n13,,2,1,False,,,0,UNVERIFIED_OFFICIAL_SOURCE,no_search_domain,UNVERIFIED,
Dobbs Defense Solutions,,,,NEEDS_CHECK,finance,finance,Junior Accounts Payable Specialist,https://www.linkedin.com/jobs/view/junior-accounts-payable-specialist-at-dobbs-defense-solutions-4448012583,,1,1,False,,,0,UNVERIFIED_OFFICIAL_SOURCE,no_search_domain,UNVERIFIED,
ACY Yachts,,,,NEEDS_CHECK,finance,finance,Bookkeeper - Part-time,https://bebee.com/us/jobs/bookkeeper-part-time-acy-yachts-highland-beach--lensa-7428_68d82bb9972dd7257edc947bb8d2c809ebe9f2c177fd4aa3bc597559b8acda27,,1,1,False,,,0,UNVERIFIED_OFFICIAL_SOURCE,no_search_domain,UNVERIFIED,
CC-NAF-W6BD20 IMCOM FMWR HQ,,,,NEEDS_CHECK,finance,finance,"Financial Analyst, NF-04",https://www.usajobs.gov/job/879151200,,1,1,False,,,0,UNVERIFIED_OFFICIAL_SOURCE,no_search_domain,UNVERIFIED,
Commercial Express HVAC,,,,NEEDS_CHECK,finance,finance,Billing Specialist - Part Time,https://bebee.com/us/jobs/billing-specialist-part-time-commercial-express-hvac-occoquan--lifeworq-52afb30e-8176-46d1-af0f-eb33d55b5a91,,1,1,False,,,0,UNVERIFIED_OFFICIAL_SOURCE,no_search_domain,UNVERIFIED,
job,,,,NEEDS_CHECK,operations,operations,Virtual Assistant(entry Level) job,https://bebee.com/us/jobs/virtual-assistantentry-level-job-job-fargo--ss-us-1gll1,,1,1,False,,,0,UNVERIFIED_OFFICIAL_SOURCE,no_search_domain,UNVERIFIED,
SkillersZone LLC,,,,NEEDS_CHECK,operations,operations,Data Entry Specialist (Remote),https://www.career.com/job/skillerszone-llc/data-entry-specialist-remote/j202604012106129118842,,1,1,False,,,0,UNVERIFIED_OFFICIAL_SOURCE,no_search_domain,UNVERIFIED,
Covetrus North America LLC,,,,NEEDS_CHECK,engineering,engineering,Associate Technical Operations Specialist,https://startup.jobs/associate-technical-operations-specialist-covetrus-north-america-llc-8916081,,1,1,False,,,0,UNVERIFIED_OFFICIAL_SOURCE,no_search_domain,UNVERIFIED,
7-ELEVEN,7-eleven.com,,,NEEDS_CHECK,gtm_revenue,partnerships,Digital Partnerships Manager,https://careers.7-eleven.com/job/irving/digital-partnerships-manager/45445/98829281056,,1,1,True,0,0,0,UNVERIFIED_OFFICIAL_SOURCE,zero_apollo_people,UNVERIFIED,
POLITICO,,,,NEEDS_CHECK,marketing,marketing,Growth Marketing Manager,https://www.linkedin.com/jobs/view/growth-marketing-manager-at-politico-4438016183,,2,1,False,,,0,UNVERIFIED_OFFICIAL_SOURCE,no_search_domain,UNVERIFIED,
NineTwoThree AI Studio,,,,NEEDS_CHECK,engineering,engineering,AI Automations Product Engineer,https://www.linkedin.com/jobs/view/ai-automations-product-engineer-at-ninetwothree-ai-studio-4449910009,,1,1,False,,,0,UNVERIFIED_OFFICIAL_SOURCE,no_search_domain,UNVERIFIED,
Schneider Electric,,,,NEEDS_CHECK,customer_support,customer_support,Customer Success Coordinator,https://www.linkedin.com/jobs/view/customer-success-coordinator-at-schneider-electric-4450020024,,1,1,False,,,0,UNVERIFIED_OFFICIAL_SOURCE,no_search_domain,UNVERIFIED,
NVIDIA,,,,NEEDS_CHECK,engineering,engineering,Senior Agentic AI For Data Science Applied Researcher,https://www.linkedin.com/jobs/view/senior-agentic-ai-for-data-science-applied-researcher-at-nvidia-4448262440,,3,2,False,,,0,UNVERIFIED_OFFICIAL_SOURCE,no_search_domain,UNVERIFIED,
NVIDIA,,,,NEEDS_CHECK,gtm_revenue,gtm_revenue,Senior AI Systems and Algorithms Engineer,https://himalayas.app/companies/nvidia/jobs/senior-ai-systems-and-algorithms-engineer,himalayas,3,2,False,,,0,UNVERIFIED_OFFICIAL_SOURCE,no_search_domain,UNVERIFIED,
VTG,,,,NEEDS_CHECK,operations,operations,Operations Support Analyst,https://careers.vtgdefense.com/jobs/8281?lang=en-us,,2,1,False,,,0,UNVERIFIED_OFFICIAL_SOURCE,no_search_domain,UNVERIFIED,
Howard County Public School System,,,,NEEDS_CHECK,people_hr,people_hr,"Analyst II, Human Resources, Classification and Compensation",https://hcpss.wd1.myworkdayjobs.com/hcpss/job/Central-Office/Analyst-II--Human-Resources--Classification-and-Compensation_R0003858,,2,1,False,,,0,UNVERIFIED_OFFICIAL_SOURCE,no_search_domain,UNVERIFIED,
HP,,,,NEEDS_CHECK,customer_support,customer_support,Inside Sales Account Representative,https://apply.hp.com/careers/job/43597738?hl=ko&domain=hp.com,,2,1,False,,,0,UNVERIFIED_OFFICIAL_SOURCE,no_search_domain,UNVERIFIED,
SURVICE Engineering Company,,,,NEEDS_CHECK,engineering,engineering,Mid-Level Full Stack Software Developer,https://survice.applicantpro.com/jobs/4165202,,1,1,False,,,0,UNVERIFIED_OFFICIAL_SOURCE,no_search_domain,UNVERIFIED,
CWILL,,,,NEEDS_CHECK,customer_success,customer_success,"Part-Time Writer - Sales, CSM & Web Copy",https://www.linkedin.com/jobs/view/part-time-writer-sales-csm-web-copy-at-cwill-4450672740,,1,1,False,,,0,UNVERIFIED_OFFICIAL_SOURCE,no_search_domain,UNVERIFIED,
Amalie Oil Company,,,,NEEDS_CHECK,people_hr,people_hr,Benefits Specialist (HR),https://www.linkedin.com/jobs/view/benefits-specialist-hr-at-amalie-oil-company-4449697369,,1,1,False,,,0,UNVERIFIED_OFFICIAL_SOURCE,no_search_domain,UNVERIFIED,
"PEG, LLC",,,,NEEDS_CHECK,people_hr,people_hr,"Human Resources Coordinator Job at PEG, LLC in Fairfax",https://www.recruit.net/job/human-resources-coordinator-at-peg-jobs/08C43AEDE637A6E1,,1,1,False,,,0,UNVERIFIED_OFFICIAL_SOURCE,no_search_domain,UNVERIFIED,
RISE Network,,,,NEEDS_CHECK,customer_support,customer_support,Talent Acquisition Associate,https://www.linkedin.com/jobs/view/talent-acquisition-associate-at-rise-network-4446683138,,1,1,False,,,0,UNVERIFIED_OFFICIAL_SOURCE,no_search_domain,UNVERIFIED,
Sam's Club,,,,NEEDS_CHECK,customer_support,customer_support,(USA) Club Enablement Lead,https://www.linkedin.com/jobs/view/usa-club-enablement-lead-at-sam-s-club-4448949061,,1,1,False,,,0,UNVERIFIED_OFFICIAL_SOURCE,no_search_domain,UNVERIFIED,
Philadelphia Insurance Companies,,,,NEEDS_CHECK,customer_support,customer_support,Collector Insurance Specialist - Remote,https://www.linkedin.com/jobs/view/collector-insurance-specialist-remote-at-philadelphia-insurance-companies-4448464939,,1,1,False,,,0,UNVERIFIED_OFFICIAL_SOURCE,no_search_domain,UNVERIFIED,
Cherry Bekaert,,,,NEEDS_CHECK,engineering,engineering,AI Prompt and Skills Engineer,https://www.linkedin.com/jobs/view/ai-prompt-and-skills-engineer-at-cherry-bekaert-4422344380,,2,2,False,,,0,UNVERIFIED_OFFICIAL_SOURCE,no_search_domain,UNVERIFIED,
Cherry Bekaert,,,,NEEDS_CHECK,gtm_revenue,gtm_revenue,Manager - Government Contractor Advisory,https://himalayas.app/companies/cherry-bekaert/jobs/manager-government-contractor-advisory,himalayas,2,2,False,,,0,UNVERIFIED_OFFICIAL_SOURCE,no_search_domain,UNVERIFIED,
IONOS,,,,NEEDS_CHECK,customer_success,customer_success,Retention & Lifecycle Manager (Marketing),https://www.linkedin.com/jobs/view/retention-lifecycle-manager-marketing-at-ionos-4450287492,,1,1,False,,,0,UNVERIFIED_OFFICIAL_SOURCE,no_search_domain,UNVERIFIED,
Baylor College of Medicine,,,,NEEDS_CHECK,gtm_revenue,gtm_revenue,"Coordinator, Business Operations (Part-Time)",https://www.linkedin.com/jobs/view/coordinator-business-operations-part-time-at-baylor-college-of-medicine-4449304406,,1,1,False,,,0,UNVERIFIED_OFFICIAL_SOURCE,no_search_domain,UNVERIFIED,
CROSSMEDIA,,,,NEEDS_CHECK,engineering,engineering,"Project Manager, Technology",https://www.linkedin.com/jobs/view/project-manager-technology-at-crossmedia-4449935235,,1,1,False,,,0,UNVERIFIED_OFFICIAL_SOURCE,no_search_domain,UNVERIFIED,
INEOS,,,,NEEDS_CHECK,customer_success,customer_success,HRIS Analyst,https://www.linkedin.com/jobs/view/hris-analyst-at-ineos-4449469004,,1,1,False,,,0,UNVERIFIED_OFFICIAL_SOURCE,no_search_domain,UNVERIFIED,
Cox Communications,,,,NEEDS_CHECK,engineering,engineering,Conversational AI Solution Architect,https://ai-search.io/job-board/cox-communications-conversational-ai-solution-architect-20250211,,1,1,False,,,0,UNVERIFIED_OFFICIAL_SOURCE,no_search_domain,UNVERIFIED,
9025 CVS Shared Services Resources LLC,,,,NEEDS_CHECK,gtm_revenue,gtm_revenue,Advanced Practice Provider,https://cvshealth.wd1.myworkdayjobs.com/job/00531---CVS-Albany-LLC/Family-Nurse-Practitioner_R0952142,ats_workday,238,1,False,,,0,UNVERIFIED_OFFICIAL_SOURCE,no_search_domain,UNVERIFIED,
NY_SPHP27 Samaritan Hospital,,,,NEEDS_CHECK,gtm_revenue,gtm_revenue,Acute Care RN-Medical Unit Registered Nurse,https://trinityhealth.wd1.myworkdayjobs.com/job/Mercy-Medical-Center---Clinton-Iowa/Nutrition-Hospitality-Associate-FT-Days_00681065,ats_workday,231,1,False,,,0,UNVERIFIED_OFFICIAL_SOURCE,no_search_domain,UNVERIFIED,
UM01 University of Maryland College Park (UMCP),,,,NEEDS_CHECK,gtm_revenue,gtm_revenue,ARLIS Full Stack Software Engineer,https://umd.wd1.myworkdayjobs.com/job/University-of-Maryland-College-Park/Post-Doctoral-Associate_JR104578,ats_workday,156,1,False,,,0,UNVERIFIED_OFFICIAL_SOURCE,no_search_domain,UNVERIFIED,
"4515 Industrial Metrology Solutions, LLC",,,,NEEDS_CHECK,gtm_revenue,gtm_revenue,5-Axis CNC Programmer,https://sandvik.wd3.myworkdayjobs.com/job/USA-GA-Smyrna/Fleet-Analyst--Parts---Services--Elko---NV_R0095615,ats_workday,118,1,False,,,0,UNVERIFIED_OFFICIAL_SOURCE,no_search_domain,UNVERIFIED,
Phillips Corporation,,,,NEEDS_CHECK,gtm_revenue,gtm_revenue,Additive Sales Engineer - Florida,https://apply.workable.com/j/304A0DE4D1,ats_workable,24,1,False,,,0,UNVERIFIED_OFFICIAL_SOURCE,no_search_domain,UNVERIFIED,
Lifelancer,,,,NEEDS_CHECK,gtm_revenue,gtm_revenue,Consultant - Integration,https://himalayas.app/companies/lifelancer/jobs/product-leader-data,himalayas,12,1,False,,,0,UNVERIFIED_OFFICIAL_SOURCE,no_search_domain,UNVERIFIED,
Mindrift,,,,NEEDS_CHECK,gtm_revenue,gtm_revenue,"AI Evaluation Engineer (Python, QA or Security)",https://himalayas.app/companies/mindrift/jobs/chatbot-developer-whatsapp-telegram-discord-freelance-2723155120,himalayas,11,1,False,,,0,UNVERIFIED_OFFICIAL_SOURCE,no_search_domain,UNVERIFIED,
Akamai Technologies,,,,NEEDS_CHECK,gtm_revenue,gtm_revenue,Account Executive II,https://himalayas.app/companies/akamai-technologies/jobs/senior-enterprise-security-architect,himalayas,9,1,False,,,0,UNVERIFIED_OFFICIAL_SOURCE,no_search_domain,UNVERIFIED,
ServiceNow,,,,NEEDS_CHECK,gtm_revenue,gtm_revenue,"Dir, Sales, Canada (Armis)",https://himalayas.app/companies/servicenow/jobs/enterprise-account-exec-commercial-financial-services-armis,himalayas,6,1,False,,,0,UNVERIFIED_OFFICIAL_SOURCE,no_search_domain,UNVERIFIED,
"Stride, Inc.",,,,NEEDS_CHECK,gtm_revenue,gtm_revenue,Cash Applications and Collections Administrator,https://himalayas.app/companies/stride-inc/jobs/middle-school-special-education-self-contained-teacher,himalayas,4,1,False,,,0,UNVERIFIED_OFFICIAL_SOURCE,no_search_domain,UNVERIFIED,
Syneos Health India Private Limited,,,,NEEDS_CHECK,gtm_revenue,gtm_revenue,Medical Writer II (MLR Reviewer),https://himalayas.app/companies/syneos-health-india-private-limited/jobs/sr-ii-site-contracts-specialist-dach-contract-negotiations-experience,himalayas,4,1,False,,,0,UNVERIFIED_OFFICIAL_SOURCE,no_search_domain,UNVERIFIED,
Crowdstrike,,,,NEEDS_CHECK,gtm_revenue,gtm_revenue,"Assistant General Counsel, Commercial Alliances",https://himalayas.app/companies/crowdstrike/jobs/sr-software-engineer-vendor-semantics-and-developer-experience-8770560755,himalayas,4,1,False,,,0,UNVERIFIED_OFFICIAL_SOURCE,no_search_domain,UNVERIFIED,
Sedgwick,,,,NEEDS_CHECK,gtm_revenue,gtm_revenue,AVP Client Services | Workers Compensation & Liability Background | Must Reside,https://himalayas.app/companies/sedgwick/jobs/sr-claims-specialist-medical-malpractice-professional-liability,himalayas,4,1,False,,,0,UNVERIFIED_OFFICIAL_SOURCE,no_search_domain,UNVERIFIED,
Choice,,,,NEEDS_CHECK,gtm_revenue,gtm_revenue,Customer Success Manager,https://himalayas.app/companies/choice/jobs/sales-development-representative-cz-sk,himalayas,3,1,False,,,0,UNVERIFIED_OFFICIAL_SOURCE,no_search_domain,UNVERIFIED,
TripleTen,,,,NEEDS_CHECK,gtm_revenue,gtm_revenue,AI Growth Marketing Manager (B2B),https://himalayas.app/companies/tripleten/jobs/ai-growth-marketing-manager-b2b-9441715175,himalayas,4,2,False,,,0,UNVERIFIED_OFFICIAL_SOURCE,no_search_domain,UNVERIFIED,
Peraton,peraton.com,,,NEEDS_CHECK,gtm_revenue,gtm_revenue,GIS Software Engineer,https://himalayas.app/companies/peraton/jobs/gis-software-engineer,himalayas,3,1,True,0,0,0,UNVERIFIED_OFFICIAL_SOURCE,zero_apollo_people,UNVERIFIED,
Bamboo Works,,,,NEEDS_CHECK,gtm_revenue,gtm_revenue,Digital Marketing Manager (Lead Generation Focus),https://himalayas.app/companies/bambooworks/jobs/seo-strategist-7347806835,himalayas,3,1,False,,,0,UNVERIFIED_OFFICIAL_SOURCE,no_search_domain,UNVERIFIED,
Kintsugi AI,,,,NEEDS_CHECK,gtm_revenue,gtm_revenue,Customer Support Specialist,https://himalayas.app/companies/kintsugi-ai/jobs/customer-support-specialist,himalayas,3,1,False,,,0,UNVERIFIED_OFFICIAL_SOURCE,no_search_domain,UNVERIFIED,
Cotiviti,,,,NEEDS_CHECK,gtm_revenue,gtm_revenue,Integration Business Analyst,https://himalayas.app/companies/cotiviti/jobs/integration-business-analyst,himalayas,3,1,False,,,0,UNVERIFIED_OFFICIAL_SOURCE,no_search_domain,UNVERIFIED,
Welo Global,,,,NEEDS_CHECK,gtm_revenue,gtm_revenue,Maps Personalization Relevance Rater - Gujarati(India),https://himalayas.app/companies/welo-global/jobs/maps-personalization-relevance-rater-marathi-india,himalayas,2,1,False,,,0,UNVERIFIED_OFFICIAL_SOURCE,no_search_domain,UNVERIFIED,
Trillium Health Resources,,,,NEEDS_CHECK,gtm_revenue,gtm_revenue,Claims Specialist III,https://himalayas.app/companies/trillium-health-resources/jobs/competitive-integrated-employment-cie-coordinator,himalayas,2,1,False,,,0,UNVERIFIED_OFFICIAL_SOURCE,no_search_domain,UNVERIFIED,
Databricks,,,,NEEDS_CHECK,gtm_revenue,gtm_revenue,"Solutions Architect - AI Natives Business, Strategic",https://himalayas.app/companies/databricks/jobs/solutions-architect-digital-native-business-named-accounts,himalayas,2,1,False,,,0,UNVERIFIED_OFFICIAL_SOURCE,no_search_domain,UNVERIFIED,
iCodde,,,,NEEDS_CHECK,gtm_revenue,gtm_revenue,Asesor contable Ch,https://himalayas.app/companies/icodde/jobs/asesor-contable-ec,himalayas,2,1,False,,,0,UNVERIFIED_OFFICIAL_SOURCE,no_search_domain,UNVERIFIED,
"Arrow Electronics, Inc.",,,,NEEDS_CHECK,gtm_revenue,gtm_revenue,Business Development Manager,https://himalayas.app/companies/arrow-electronics-inc/jobs/business-development-manager-8261015914,himalayas,2,1,False,,,0,UNVERIFIED_OFFICIAL_SOURCE,no_search_domain,UNVERIFIED,
SAMC SitusAMC Holdings Corp,,,,NEEDS_CHECK,gtm_revenue,gtm_revenue,Senior Analyst - Artificial Intelligence Product Residential - Remote US,https://himalayas.app/companies/samc-situsamc-holdings-corp/jobs/sr-identity-access-management-cyberark-administration-remote-us,himalayas,2,1,False,,,0,UNVERIFIED_OFFICIAL_SOURCE,no_search_domain,UNVERIFIED,
Projector Creative&amp;Tech Online Institute,,,,NEEDS_CHECK,gtm_revenue,gtm_revenue,"Автор/ка курсу ""AI Automation Advanced"" (Part-time)",https://himalayas.app/companies/projector-creative-amp-tech-online-institute/jobs/ai-for-paid-ads,himalayas,2,1,False,,,0,UNVERIFIED_OFFICIAL_SOURCE,no_search_domain,UNVERIFIED,
USA The Nature Conservancy,,,,NEEDS_CHECK,gtm_revenue,gtm_revenue,Senior Finance Analyst,https://himalayas.app/companies/usa-the-nature-conservancy/jobs/senior-finance-analyst,himalayas,2,1,False,,,0,UNVERIFIED_OFFICIAL_SOURCE,no_search_domain,UNVERIFIED,
Milliman,,,,NEEDS_CHECK,gtm_revenue,gtm_revenue,Healthcare Data Analyst (MedInsight),https://himalayas.app/companies/milliman-com/jobs/senior-product-strategy-manager-aco-s-medinsight,himalayas,2,1,False,,,0,UNVERIFIED_OFFICIAL_SOURCE,no_search_domain,UNVERIFIED,
Strada,,,,NEEDS_CHECK,gtm_revenue,gtm_revenue,Payroll Associate - Thailand,https://himalayas.app/companies/strada/jobs/payroll-associate-thailand,himalayas,2,1,False,,,0,UNVERIFIED_OFFICIAL_SOURCE,no_search_domain,UNVERIFIED,
Nokia,,,,NEEDS_CHECK,gtm_revenue,gtm_revenue,Business Development leader,https://himalayas.app/companies/nokia/jobs/partner-sales-manager-3,himalayas,2,1,False,,,0,UNVERIFIED_OFFICIAL_SOURCE,no_search_domain,UNVERIFIED,
Blue Cross Blue Shield of Michigan,,,,NEEDS_CHECK,gtm_revenue,gtm_revenue,Actuarial Analyst II - P&C,https://himalayas.app/companies/blue-cross-blue-shield-of-michigan/jobs/claim-representative-ii-auto-michigan,himalayas,2,1,False,,,0,UNVERIFIED_OFFICIAL_SOURCE,no_search_domain,UNVERIFIED,
C10 Labs,,,,NEEDS_CHECK,gtm_revenue,gtm_revenue,Mentor | Healthcare and Biotechnology,https://himalayas.app/companies/c10-labs/jobs/mentor-healthcare-and-biotechnology,himalayas,2,1,False,,,0,UNVERIFIED_OFFICIAL_SOURCE,no_search_domain,UNVERIFIED,
ELVTR,,,,NEEDS_CHECK,gtm_revenue,gtm_revenue,Lead Retention Specialist,https://himalayas.app/companies/elvtr/jobs/lead-retention-specialist,himalayas,2,1,False,,,0,UNVERIFIED_OFFICIAL_SOURCE,no_search_domain,UNVERIFIED,
The Ohio State University,,,,NEEDS_CHECK,gtm_revenue,gtm_revenue,BCBA Supervisor,https://himalayas.app/companies/the-ohio-state-university/jobs/bcba-supervisor,himalayas,2,1,False,,,0,UNVERIFIED_OFFICIAL_SOURCE,no_search_domain,UNVERIFIED,
Flagstar Bank,,,,NEEDS_CHECK,gtm_revenue,gtm_revenue,Credit Officer Sr - Equipment Finance,https://himalayas.app/companies/flagstar-bank/jobs/senior-relationship-manager-specialized-industries-entertainment,himalayas,2,1,False,,,0,UNVERIFIED_OFFICIAL_SOURCE,no_search_domain,UNVERIFIED,
The Church of Jesus Christ of Latter-day Saints,,,,NEEDS_CHECK,gtm_revenue,gtm_revenue,Fullstack Web Development - Online Grader - BYU-Pathway Worldwide,https://himalayas.app/companies/the-church-of-jesus-christ-of-latter-day-saints/jobs/in-area-finding-specialist-part-time-temporary-20hrs-week-missionary-departme,himalayas,2,1,False,,,0,UNVERIFIED_OFFICIAL_SOURCE,no_search_domain,UNVERIFIED,
TheHiveCareers,,,,NEEDS_CHECK,gtm_revenue,gtm_revenue,Customer Acquisition Specialist (CAS)-Remote,https://himalayas.app/companies/thehivecareers/jobs/customer-acquisition-specialist-cas-remote-1844959200,himalayas,2,1,False,,,0,UNVERIFIED_OFFICIAL_SOURCE,no_search_domain,UNVERIFIED,
Granicus,,,,NEEDS_CHECK,gtm_revenue,gtm_revenue,Business Intelligence Architect 2,https://himalayas.app/companies/granicus/jobs/business-intelligence-architect-2,himalayas,2,1,False,,,0,UNVERIFIED_OFFICIAL_SOURCE,no_search_domain,UNVERIFIED,
Aurrera Health Group,,,,NEEDS_CHECK,gtm_revenue,gtm_revenue,IT AI Platform Engineer,https://himalayas.app/companies/aurrera-health-group/jobs/senior-financial-analyst,himalayas,2,1,False,,,0,UNVERIFIED_OFFICIAL_SOURCE,no_search_domain,UNVERIFIED,
"ExactCare Pharmacy, LLC",,,,NEEDS_CHECK,gtm_revenue,gtm_revenue,Certified Pharmacy Technician - CARE,https://himalayas.app/companies/exactcare-pharmacy-llc/jobs/pharmacy-technician-wednesday-sunday-11-30am-8pm-et,himalayas,2,1,False,,,0,UNVERIFIED_OFFICIAL_SOURCE,no_search_domain,UNVERIFIED,
mercor,,,,NEEDS_CHECK,gtm_revenue,gtm_revenue,Critical Reviewer - Fully Remote | Upto $70/hr,https://himalayas.app/companies/mercor/jobs/critical-reviewer-fully-remote-upto-70-hr-1644608861,himalayas,2,1,False,,,0,UNVERIFIED_OFFICIAL_SOURCE,no_search_domain,UNVERIFIED,
NightOwl Consulting,,,,NEEDS_CHECK,gtm_revenue,gtm_revenue,Head of Marketing,https://himalayas.app/companies/nightowl-consulting/jobs/sales-assistant,himalayas,2,1,False,,,0,UNVERIFIED_OFFICIAL_SOURCE,no_search_domain,UNVERIFIED,
Fortive,,,,NEEDS_CHECK,gtm_revenue,gtm_revenue,Product Planning Manager,https://himalayas.app/companies/fortive/jobs/sr-product-planning-manager,himalayas,5,2,False,,,0,UNVERIFIED_OFFICIAL_SOURCE,no_search_domain,UNVERIFIED,
"J29, Inc",,,,NEEDS_CHECK,gtm_revenue,gtm_revenue,"Medical Reviewer, Coder",https://himalayas.app/companies/j29-inc/jobs/medical-reviewer-coder,himalayas,2,1,False,,,0,UNVERIFIED_OFFICIAL_SOURCE,no_search_domain,UNVERIFIED,
Hitapps,,,,NEEDS_CHECK,gtm_revenue,gtm_revenue,Game Economist,https://himalayas.app/companies/hitapps/jobs/game-economist,himalayas,2,1,False,,,0,UNVERIFIED_OFFICIAL_SOURCE,no_search_domain,UNVERIFIED,
Premier Inc.,,,,NEEDS_CHECK,gtm_revenue,gtm_revenue,Principal Advisory Services,https://himalayas.app/companies/premier-inc/jobs/software-architect,himalayas,2,1,False,,,0,UNVERIFIED_OFFICIAL_SOURCE,no_search_domain,UNVERIFIED,
The Cigna Group,,,,NEEDS_CHECK,gtm_revenue,gtm_revenue,Provider Contracting Associate Analyst - Cigna Healthcare - Remote,https://himalayas.app/companies/the-cigna-group/jobs/staff-pharmacist-advanced-pulmonary-conditions-accredo-remote-az-fl-oh,himalayas,2,1,False,,,0,UNVERIFIED_OFFICIAL_SOURCE,no_search_domain,UNVERIFIED,
Quicken Loans,,,,NEEDS_CHECK,gtm_revenue,gtm_revenue,Real Estate Associate Agent (1099) - Coastal Delaware,https://himalayas.app/companies/quicken-loans/jobs/real-estate-associate-agent-1099-coastal-delaware,himalayas,2,1,False,,,0,UNVERIFIED_OFFICIAL_SOURCE,no_search_domain,UNVERIFIED,
Cisco,,,,NEEDS_CHECK,gtm_revenue,gtm_revenue,Sales Leader (Isovalent),https://himalayas.app/companies/cisco/jobs/sales-operations-manager-8239023134,himalayas,5,2,False,,,0,UNVERIFIED_OFFICIAL_SOURCE,no_search_domain,UNVERIFIED,
micro1,,,,NEEDS_CHECK,gtm_revenue,gtm_revenue,Junior Mainframe Developer (COBOL),https://himalayas.app/companies/micro1/jobs/manufacturing-specialist,himalayas,2,1,False,,,0,UNVERIFIED_OFFICIAL_SOURCE,no_search_domain,UNVERIFIED,
Twilio,,,,NEEDS_CHECK,gtm_revenue,gtm_revenue,Account Executive 4,https://himalayas.app/companies/twilio/jobs/account-executive-4-7355591500,himalayas,3,2,False,,,0,UNVERIFIED_OFFICIAL_SOURCE,no_search_domain,UNVERIFIED,
Descript,,,,NEEDS_CHECK,gtm_revenue,gtm_revenue,Content Strategist,https://weworkremotely.com/remote-jobs/descript-engineering-manager-agent,weworkremotely,2,1,False,,,0,UNVERIFIED_OFFICIAL_SOURCE,no_search_domain,UNVERIFIED,
Skinventory,,,,NEEDS_CHECK,gtm_revenue,gtm_revenue,Omega,https://remoteOK.com/remote-jobs/remote-wave-chaser-skinventory-1136266,remoteok,2,1,False,,,0,UNVERIFIED_OFFICIAL_SOURCE,no_search_domain,UNVERIFIED,
Siemens Healthineers,,,,NEEDS_CHECK,gtm_revenue,gtm_revenue,Head of Project Management - Remote Southwest Zone,https://himalayas.app/companies/siemens-healthineers/jobs/head-of-project-management-remote-southwest-zone,himalayas,1,1,False,,,0,UNVERIFIED_OFFICIAL_SOURCE,no_search_domain,UNVERIFIED,
For Our Future Action Fund,,,,NEEDS_CHECK,gtm_revenue,gtm_revenue,Digital Program Manager - Michigan,https://himalayas.app/companies/for-our-future-action-fund/jobs/digital-program-manager-michigan,himalayas,1,1,False,,,0,UNVERIFIED_OFFICIAL_SOURCE,no_search_domain,UNVERIFIED,
Legend,,,,NEEDS_CHECK,gtm_revenue,gtm_revenue,Principal AI Productivity & Automation Architect,https://himalayas.app/companies/legend/jobs/principal-ai-productivity-automation-architect,himalayas,1,1,False,,,0,UNVERIFIED_OFFICIAL_SOURCE,no_search_domain,UNVERIFIED,
Tempus,,,,NEEDS_CHECK,gtm_revenue,gtm_revenue,Senior Data Analyst,https://himalayas.app/companies/tempus/jobs/senior-data-analyst,himalayas,1,1,False,,,0,UNVERIFIED_OFFICIAL_SOURCE,no_search_domain,UNVERIFIED,
SailPoint,,,,NEEDS_CHECK,gtm_revenue,gtm_revenue,"Manager, Professional Services - French Speaker",https://himalayas.app/companies/sailpoint/jobs/manager-professional-services-french-speaker,himalayas,1,1,False,,,0,UNVERIFIED_OFFICIAL_SOURCE,no_search_domain,UNVERIFIED,
Customertimes,,,,NEEDS_CHECK,gtm_revenue,gtm_revenue,JR-159779 Data Engineer Senior (FL),https://himalayas.app/companies/customertimes/jobs/jr-159779-data-engineer-senior-fl,himalayas,1,1,False,,,0,UNVERIFIED_OFFICIAL_SOURCE,no_search_domain,UNVERIFIED,
talentpluto,,,,NEEDS_CHECK,gtm_revenue,gtm_revenue,Go-to-Market Generalist,https://himalayas.app/companies/talentpluto/jobs/go-to-market-generalist-119229059,himalayas,2,1,False,,,0,UNVERIFIED_OFFICIAL_SOURCE,no_search_domain,UNVERIFIED,
BSI,,,,NEEDS_CHECK,gtm_revenue,gtm_revenue,Technical Specialist- IVD (In Vitro Diagnostic),https://himalayas.app/companies/bsi/jobs/technical-specialist-ivd-in-vitro-diagnostic,himalayas,1,1,False,,,0,UNVERIFIED_OFFICIAL_SOURCE,no_search_domain,UNVERIFIED,
Reserv,,,,NEEDS_CHECK,gtm_revenue,gtm_revenue,"Personal Injury Protection (PIP) Claim Adjuster, Rideshare",https://himalayas.app/companies/reserv/jobs/personal-injury-protection-pip-claim-adjuster-rideshare,himalayas,1,1,False,,,0,UNVERIFIED_OFFICIAL_SOURCE,no_search_domain,UNVERIFIED,
ShopMy,,,,NEEDS_CHECK,gtm_revenue,gtm_revenue,"Associate, Affiliate",https://himalayas.app/companies/shopmy/jobs/associate-affiliate,himalayas,1,1,False,,,0,UNVERIFIED_OFFICIAL_SOURCE,no_search_domain,UNVERIFIED,
Precision for Medicine,,,,NEEDS_CHECK,gtm_revenue,gtm_revenue,Principal Benefits Partner,https://himalayas.app/companies/precision-for-medicine/jobs/principal-benefits-partner-6686748055,himalayas,1,1,False,,,0,UNVERIFIED_OFFICIAL_SOURCE,no_search_domain,UNVERIFIED,
Haweo,,,,NEEDS_CHECK,gtm_revenue,gtm_revenue,Senior Utility GIS Analyst,https://himalayas.app/companies/haweo/jobs/senior-utility-gis-analyst-792729341,himalayas,1,1,False,,,0,UNVERIFIED_OFFICIAL_SOURCE,no_search_domain,UNVERIFIED,
Defy Medical,,,,NEEDS_CHECK,gtm_revenue,gtm_revenue,Medical Scheduler,https://himalayas.app/companies/defy-medical/jobs/medical-scheduler,himalayas,1,1,False,,,0,UNVERIFIED_OFFICIAL_SOURCE,no_search_domain,UNVERIFIED,
QWERTY,qwerty.software,,,NEEDS_CHECK,gtm_revenue,gtm_revenue,Trainee Customer Support,https://himalayas.app/companies/qwerty/jobs/trainee-customer-support,himalayas,1,1,True,0,0,0,UNVERIFIED_OFFICIAL_SOURCE,zero_apollo_people,UNVERIFIED,
eCapital,,,,NEEDS_CHECK,gtm_revenue,gtm_revenue,Senior Project Manager,https://himalayas.app/companies/ecapital/jobs/senior-project-manager,himalayas,1,1,False,,,0,UNVERIFIED_OFFICIAL_SOURCE,no_search_domain,UNVERIFIED,
HBX Group,,,,NEEDS_CHECK,gtm_revenue,gtm_revenue,Data & Automation Data Specialist,https://himalayas.app/companies/hbx-group/jobs/data-automation-data-specialist,himalayas,1,1,False,,,0,UNVERIFIED_OFFICIAL_SOURCE,no_search_domain,UNVERIFIED,
ABN Innovations,,,,NEEDS_CHECK,gtm_revenue,gtm_revenue,Salesforce Developer - Experience Cloud,https://himalayas.app/companies/abn-innovations/jobs/salesforce-developer-experience-cloud,himalayas,1,1,False,,,0,UNVERIFIED_OFFICIAL_SOURCE,no_search_domain,UNVERIFIED,
Dijital Team Pty Ltd,,,,NEEDS_CHECK,gtm_revenue,gtm_revenue,L2 IT Support Engineer,https://himalayas.app/companies/dijital-team-pty-ltd/jobs/l2-it-support-engineer,himalayas,1,1,False,,,0,UNVERIFIED_OFFICIAL_SOURCE,no_search_domain,UNVERIFIED,
Jito Foundation,,,,NEEDS_CHECK,gtm_revenue,gtm_revenue,Product Designer,https://himalayas.app/companies/jito-foundation/jobs/product-designer,himalayas,1,1,False,,,0,UNVERIFIED_OFFICIAL_SOURCE,no_search_domain,UNVERIFIED,
Red Hat,,,,NEEDS_CHECK,gtm_revenue,gtm_revenue,Senior Site Reliability Engineer,https://himalayas.app/companies/red-hat/jobs/senior-site-reliability-engineer-3772987847,himalayas,1,1,False,,,0,UNVERIFIED_OFFICIAL_SOURCE,no_search_domain,UNVERIFIED,
EPS Learning,,,,NEEDS_CHECK,gtm_revenue,gtm_revenue,Product Manager,https://himalayas.app/companies/eps-learning/jobs/product-manager,himalayas,1,1,False,,,0,UNVERIFIED_OFFICIAL_SOURCE,no_search_domain,UNVERIFIED,
Hraymo,,,,NEEDS_CHECK,gtm_revenue,gtm_revenue,Senior 2D Animator (Hraymo),https://himalayas.app/companies/hraymo/jobs/senior-2d-animator-hraymo,himalayas,1,1,False,,,0,UNVERIFIED_OFFICIAL_SOURCE,no_search_domain,UNVERIFIED,
Mosaic Health,,,,NEEDS_CHECK,gtm_revenue,gtm_revenue,"Workday Configuration Lead - Recruiting, Onboarding & Talent Management",https://himalayas.app/companies/mosaic-health/jobs/workday-configuration-lead-recruiting-onboarding-talent-management-9305775531,himalayas,1,1,False,,,0,UNVERIFIED_OFFICIAL_SOURCE,no_search_domain,UNVERIFIED,
Fit4Me,,,,NEEDS_CHECK,gtm_revenue,gtm_revenue,Senior DevOps Engineer,https://himalayas.app/companies/fit4me/jobs/senior-devops-engineer,himalayas,1,1,False,,,0,UNVERIFIED_OFFICIAL_SOURCE,no_search_domain,UNVERIFIED,
Redwood Software,,,,NEEDS_CHECK,gtm_revenue,gtm_revenue,Renewals Manager,https://himalayas.app/companies/redwood-software/jobs/renewals-manager,himalayas,1,1,False,,,0,UNVERIFIED_OFFICIAL_SOURCE,no_search_domain,UNVERIFIED,
Guidehealth,,,,NEEDS_CHECK,gtm_revenue,gtm_revenue,Remote Medical Assistant - Healthguide - Bilingual (Arabic),https://himalayas.app/companies/guidehealth/jobs/remote-medical-assistant-healthguide-bilingual-arabic,himalayas,1,1,False,,,0,UNVERIFIED_OFFICIAL_SOURCE,no_search_domain,UNVERIFIED,
AbbVie,,,,NEEDS_CHECK,gtm_revenue,gtm_revenue,Principal Medical Writer,https://himalayas.app/companies/abbvie/jobs/principal-medical-writer-8997447273,himalayas,1,1,False,,,0,UNVERIFIED_OFFICIAL_SOURCE,no_search_domain,UNVERIFIED,
HireVue Inc,,,,NEEDS_CHECK,gtm_revenue,gtm_revenue,Customer Success Manager | Fully Remote US,https://himalayas.app/companies/hirevue-inc/jobs/customer-success-manager-fully-remote-us,himalayas,1,1,False,,,0,UNVERIFIED_OFFICIAL_SOURCE,no_search_domain,UNVERIFIED,
Protective,,,,NEEDS_CHECK,gtm_revenue,gtm_revenue,Sr. Underwriting Generalist- Part Time,https://himalayas.app/companies/protective/jobs/sr-underwriting-generalist-part-time,himalayas,1,1,False,,,0,UNVERIFIED_OFFICIAL_SOURCE,no_search_domain,UNVERIFIED,
"Turnitin, LLC",,,,NEEDS_CHECK,gtm_revenue,gtm_revenue,Sales Development Representative - Bilingual Spanish (UK Remote),https://himalayas.app/companies/turnitin-llc/jobs/sales-development-representative-bilingual-spanish-uk-remote,himalayas,1,1,False,,,0,UNVERIFIED_OFFICIAL_SOURCE,no_search_domain,UNVERIFIED,
Hone Health,,,,NEEDS_CHECK,gtm_revenue,gtm_revenue,"Product Manager, Engagement",https://himalayas.app/companies/hone-health/jobs/product-manager-engagement,himalayas,1,1,False,,,0,UNVERIFIED_OFFICIAL_SOURCE,no_search_domain,UNVERIFIED,
Clickhouse,,,,NEEDS_CHECK,gtm_revenue,gtm_revenue,Offensive Security Engineer,https://himalayas.app/companies/clickhouse/jobs/offensive-security-engineer,himalayas,1,1,False,,,0,UNVERIFIED_OFFICIAL_SOURCE,no_search_domain,UNVERIFIED,
Power Digital Marketing,,,,NEEDS_CHECK,gtm_revenue,gtm_revenue,Paid Advertising Account Manager,https://himalayas.app/companies/power-digital-marketing/jobs/paid-advertising-account-manager-5056496131,himalayas,1,1,False,,,0,UNVERIFIED_OFFICIAL_SOURCE,no_search_domain,UNVERIFIED,
Sopra Steria,,,,NEEDS_CHECK,gtm_revenue,gtm_revenue,Chef de projet IT & Métier – Facturation Électronique (E Invoicing) (H/F),https://himalayas.app/companies/sopra-steria/jobs/chef-de-projet-it-metier-facturation-electronique-e-invoicing-h-f,himalayas,1,1,False,,,0,UNVERIFIED_OFFICIAL_SOURCE,no_search_domain,UNVERIFIED,
Globalization Partners,,,,NEEDS_CHECK,gtm_revenue,gtm_revenue,Human Resources Specialist,https://himalayas.app/companies/globalization-partners/jobs/human-resources-specialist-1072515665,himalayas,1,1,False,,,0,UNVERIFIED_OFFICIAL_SOURCE,no_search_domain,UNVERIFIED,
Macy's,,,,NEEDS_CHECK,gtm_revenue,gtm_revenue,"Senior, Project Management",https://himalayas.app/companies/macy-s/jobs/senior-project-management,himalayas,1,1,False,,,0,UNVERIFIED_OFFICIAL_SOURCE,no_search_domain,UNVERIFIED,
Sedgwick Claims Management Services Inc.,,,,NEEDS_CHECK,gtm_revenue,gtm_revenue,Senior Forensic Consultant,https://himalayas.app/companies/sedgwick-claims-management-services-inc/jobs/senior-forensic-consultant,himalayas,1,1,False,,,0,UNVERIFIED_OFFICIAL_SOURCE,no_search_domain,UNVERIFIED,
Software Mind,,,,NEEDS_CHECK,gtm_revenue,gtm_revenue,[8AI] DevOps Engineer,https://himalayas.app/companies/software-mind/jobs/8ai-devops-engineer,himalayas,1,1,False,,,0,UNVERIFIED_OFFICIAL_SOURCE,no_search_domain,UNVERIFIED,
WSP Africa,,,,NEEDS_CHECK,gtm_revenue,gtm_revenue,Senior Lattice Tower Designer - Remote,https://himalayas.app/companies/wsp-africa/jobs/senior-lattice-tower-designer-remote,himalayas,1,1,False,,,0,UNVERIFIED_OFFICIAL_SOURCE,no_search_domain,UNVERIFIED,
Kavak,,,,NEEDS_CHECK,gtm_revenue,gtm_revenue,Semi Senior Software Engineer,https://himalayas.app/companies/kavak/jobs/semi-senior-software-engineer,himalayas,1,1,False,,,0,UNVERIFIED_OFFICIAL_SOURCE,no_search_domain,UNVERIFIED,
Everise,,,,NEEDS_CHECK,gtm_revenue,gtm_revenue,Seasonal Healthcare Customer Service Representative - Work From Home,https://himalayas.app/companies/everise/jobs/seasonal-healthcare-customer-service-representative-work-from-home,himalayas,1,1,False,,,0,UNVERIFIED_OFFICIAL_SOURCE,no_search_domain,UNVERIFIED,
Trans Lifeline,,,,NEEDS_CHECK,gtm_revenue,gtm_revenue,Communications Coordinator,https://himalayas.app/companies/trans-lifeline/jobs/communications-coordinator,himalayas,1,1,False,,,0,UNVERIFIED_OFFICIAL_SOURCE,no_search_domain,UNVERIFIED,
Sphera,,,,NEEDS_CHECK,gtm_revenue,gtm_revenue,HMMS Data Input & Retrieval Specialist III,https://himalayas.app/companies/sphera/jobs/hmms-data-input-retrieval-specialist-iii,himalayas,1,1,False,,,0,UNVERIFIED_OFFICIAL_SOURCE,no_search_domain,UNVERIFIED,
Sumer,,,,NEEDS_CHECK,gtm_revenue,gtm_revenue,AML Senior Manager,https://himalayas.app/companies/sumer/jobs/aml-senior-manager,himalayas,1,1,False,,,0,UNVERIFIED_OFFICIAL_SOURCE,no_search_domain,UNVERIFIED,
Checkmarx,,,,NEEDS_CHECK,gtm_revenue,gtm_revenue,Channel Account Manager,https://himalayas.app/companies/checkmarx/jobs/channel-account-manager,himalayas,1,1,False,,,0,UNVERIFIED_OFFICIAL_SOURCE,no_search_domain,UNVERIFIED,
Vaya Health,,,,NEEDS_CHECK,gtm_revenue,gtm_revenue,MFP Registered Nurse (Remote NC),https://himalayas.app/companies/vaya-health/jobs/mfp-registered-nurse-remote-nc,himalayas,1,1,False,,,0,UNVERIFIED_OFFICIAL_SOURCE,no_search_domain,UNVERIFIED,
Centene Corporation,,,,NEEDS_CHECK,gtm_revenue,gtm_revenue,"Senior Manager, Finance",https://himalayas.app/companies/centene-corporation/jobs/senior-manager-finance,himalayas,1,1,False,,,0,UNVERIFIED_OFFICIAL_SOURCE,no_search_domain,UNVERIFIED,
Zillow Group,,,,NEEDS_CHECK,gtm_revenue,gtm_revenue,"Senior Manager, GTM Intelligence and Analytics",https://himalayas.app/companies/zillow-group/jobs/senior-manager-gtm-intelligence-and-analytics,himalayas,1,1,False,,,0,UNVERIFIED_OFFICIAL_SOURCE,no_search_domain,UNVERIFIED,
Mekari,,,,NEEDS_CHECK,gtm_revenue,gtm_revenue,Customer Success Manager (Mekari Talenta),https://himalayas.app/companies/mekari/jobs/customer-success-manager-mekari-talenta,himalayas,1,1,False,,,0,UNVERIFIED_OFFICIAL_SOURCE,no_search_domain,UNVERIFIED,
Venon Solutions,,,,NEEDS_CHECK,gtm_revenue,gtm_revenue,#989 - Full Stack (Java & Hybris) Developer,https://himalayas.app/companies/venon-solutions/jobs/989-full-stack-java-hybris-developer,himalayas,1,1,False,,,0,UNVERIFIED_OFFICIAL_SOURCE,no_search_domain,UNVERIFIED,
Securly,,,,NEEDS_CHECK,gtm_revenue,gtm_revenue,"Customer Success Manager, Small & Mid-Market – Join Our Remote Talent Community",https://himalayas.app/companies/securly/jobs/customer-success-manager-small-mid-market-join-our-remote-talent-community,himalayas,1,1,False,,,0,UNVERIFIED_OFFICIAL_SOURCE,no_search_domain,UNVERIFIED,
MarketBridge,marketbridge.com,,,NEEDS_CHECK,gtm_revenue,gtm_revenue,"Manager, SEM",https://himalayas.app/companies/marketbridge/jobs/manager-sem,himalayas,1,1,True,1,0,0,UNVERIFIED_OFFICIAL_SOURCE,no_title_match,UNVERIFIED,
Comcast,,,,NEEDS_CHECK,gtm_revenue,gtm_revenue,Customer Service Sales Representative (TSX),https://himalayas.app/companies/comcast/jobs/customer-service-sales-representative-tsx-6640470433,himalayas,1,1,False,,,0,UNVERIFIED_OFFICIAL_SOURCE,no_search_domain,UNVERIFIED,
DEPT®,,,,NEEDS_CHECK,gtm_revenue,gtm_revenue,"Account Manager, Paid Social",https://himalayas.app/companies/dept/jobs/account-manager-paid-social,himalayas,1,1,False,,,0,UNVERIFIED_OFFICIAL_SOURCE,no_search_domain,UNVERIFIED,
Riskonnect,,,,NEEDS_CHECK,gtm_revenue,gtm_revenue,Sales Executive – GRC SaaS (USA - Remote),https://himalayas.app/companies/riskonnect/jobs/sales-executive-grc-saas-usa-remote,himalayas,1,1,False,,,0,UNVERIFIED_OFFICIAL_SOURCE,no_search_domain,UNVERIFIED,
Navitus Health Solutions,,,,NEEDS_CHECK,gtm_revenue,gtm_revenue,"Analyst, Contract Operations (Rebate)",https://himalayas.app/companies/navitus-health-solutions/jobs/analyst-contract-operations-rebate,himalayas,1,1,False,,,0,UNVERIFIED_OFFICIAL_SOURCE,no_search_domain,UNVERIFIED,
SiTime,,,,NEEDS_CHECK,gtm_revenue,gtm_revenue,Sr. Sustaining Test Engineer,https://himalayas.app/companies/sitime/jobs/sr-sustaining-test-engineer,himalayas,1,1,False,,,0,UNVERIFIED_OFFICIAL_SOURCE,no_search_domain,UNVERIFIED,
Symbria,,,,NEEDS_CHECK,gtm_revenue,gtm_revenue,Remote LTC Pharmacy Data Entry Technician,https://himalayas.app/companies/symbria/jobs/remote-ltc-pharmacy-data-entry-technician-7321411675,himalayas,1,1,False,,,0,UNVERIFIED_OFFICIAL_SOURCE,no_search_domain,UNVERIFIED,
Epic Staffing Group,,,,NEEDS_CHECK,gtm_revenue,gtm_revenue,Senior Program Manager,https://himalayas.app/companies/epic-staffing-group/jobs/senior-program-manager,himalayas,1,1,False,,,0,UNVERIFIED_OFFICIAL_SOURCE,no_search_domain,UNVERIFIED,
Array,,,,NEEDS_CHECK,gtm_revenue,gtm_revenue,Senior Business Development Representative,https://himalayas.app/companies/array/jobs/senior-business-development-representative,himalayas,1,1,False,,,0,UNVERIFIED_OFFICIAL_SOURCE,no_search_domain,UNVERIFIED,
Barclays,,,,NEEDS_CHECK,gtm_revenue,gtm_revenue,"Marketing Field Engagement Manager, AVP",https://himalayas.app/companies/barclays/jobs/marketing-field-engagement-manager-avp,himalayas,1,1,False,,,0,UNVERIFIED_OFFICIAL_SOURCE,no_search_domain,UNVERIFIED,
Tidelands Health,,,,NEEDS_CHECK,gtm_revenue,gtm_revenue,Patient Scheduler,https://himalayas.app/companies/tidelands-health/jobs/patient-scheduler-6888801323,himalayas,1,1,False,,,0,UNVERIFIED_OFFICIAL_SOURCE,no_search_domain,UNVERIFIED,
PCI Pharma Services,,,,NEEDS_CHECK,gtm_revenue,gtm_revenue,"Manager, Strategy & Enterprise Transformation",https://himalayas.app/companies/pci-pharma-services/jobs/manager-strategy-enterprise-transformation,himalayas,1,1,False,,,0,UNVERIFIED_OFFICIAL_SOURCE,no_search_domain,UNVERIFIED,
Abacus Consulting,,,,NEEDS_CHECK,gtm_revenue,gtm_revenue,DevOps Engineer,https://himalayas.app/companies/abacus-consulting/jobs/devops-engineer,himalayas,1,1,False,,,0,UNVERIFIED_OFFICIAL_SOURCE,no_search_domain,UNVERIFIED,
Siteline,,,,NEEDS_CHECK,gtm_revenue,gtm_revenue,Integration Support Engineer,https://himalayas.app/companies/siteline/jobs/integration-support-engineer,himalayas,1,1,False,,,0,UNVERIFIED_OFFICIAL_SOURCE,no_search_domain,UNVERIFIED,
Solflare,,,,NEEDS_CHECK,gtm_revenue,gtm_revenue,Brand Designer,https://himalayas.app/companies/solflare/jobs/brand-designer,himalayas,1,1,False,,,0,UNVERIFIED_OFFICIAL_SOURCE,no_search_domain,UNVERIFIED,
Qurate Retail Group,,,,NEEDS_CHECK,gtm_revenue,gtm_revenue,Senior eCommerce Analytics Specialist,https://himalayas.app/companies/qurate-retail-group/jobs/senior-ecommerce-analytics-specialist,himalayas,1,1,False,,,0,UNVERIFIED_OFFICIAL_SOURCE,no_search_domain,UNVERIFIED,
Arco Educação,,,,NEEDS_CHECK,gtm_revenue,gtm_revenue,Analista de Operações,https://himalayas.app/companies/arco-educacao/jobs/analista-de-operacoes,himalayas,1,1,False,,,0,UNVERIFIED_OFFICIAL_SOURCE,no_search_domain,UNVERIFIED,
Growe,,,,NEEDS_CHECK,gtm_revenue,gtm_revenue,HR Business Partner,https://himalayas.app/companies/growe/jobs/hr-business-partner,himalayas,1,1,False,,,0,UNVERIFIED_OFFICIAL_SOURCE,no_search_domain,UNVERIFIED,
GitLab,,,,NEEDS_CHECK,gtm_revenue,gtm_revenue,"Intermediate Backend Engineer, Platform Readiness",https://himalayas.app/companies/gitlab-com/jobs/intermediate-backend-engineer-platform-readiness,himalayas,1,1,False,,,0,UNVERIFIED_OFFICIAL_SOURCE,no_search_domain,UNVERIFIED,
United-Biosource-Corporation,,,,NEEDS_CHECK,gtm_revenue,gtm_revenue,"Technical Writer - SERRM (Safety, Epidem., Registry, Risk Mgmt)",https://himalayas.app/companies/united-biosource-corporation/jobs/technical-writer-serrm-safety-epidem-registry-risk-mgmt,himalayas,1,1,False,,,0,UNVERIFIED_OFFICIAL_SOURCE,no_search_domain,UNVERIFIED,
Cardinal Health,,,,NEEDS_CHECK,gtm_revenue,gtm_revenue,"Digital Employee Experience Senior Engineer, IT Client Services",https://himalayas.app/companies/cardinal-health/jobs/digital-employee-experience-senior-engineer-it-client-services,himalayas,2,2,False,,,0,UNVERIFIED_OFFICIAL_SOURCE,no_search_domain,UNVERIFIED,
Ryz Labs,,,,NEEDS_CHECK,gtm_revenue,gtm_revenue,Accountant - AR & Collections,https://himalayas.app/companies/ryz-labs/jobs/accountant-ar-collections,himalayas,1,1,False,,,0,UNVERIFIED_OFFICIAL_SOURCE,no_search_domain,UNVERIFIED,
SolutionHealth,,,,NEEDS_CHECK,gtm_revenue,gtm_revenue,Epic Applications Analyst (1-4): Digital Patient Experience (MyChart /Cheers /We,https://himalayas.app/companies/solutionhealth/jobs/epic-applications-analyst-1-4-digital-patient-experience-mychart-cheers-we,himalayas,1,1,False,,,0,UNVERIFIED_OFFICIAL_SOURCE,no_search_domain,UNVERIFIED,
Ubiminds,,,,NEEDS_CHECK,gtm_revenue,gtm_revenue,Senior Full Stack Engineer .NET / React (554),https://himalayas.app/companies/ubiminds/jobs/senior-full-stack-engineer-net-react-554,himalayas,1,1,False,,,0,UNVERIFIED_OFFICIAL_SOURCE,no_search_domain,UNVERIFIED,
Reddit,,,,NEEDS_CHECK,gtm_revenue,gtm_revenue,"Senior Machine Learning Engineer, GenAI Security",https://himalayas.app/companies/reddit/jobs/senior-machine-learning-engineer-genai-security,himalayas,1,1,False,,,0,UNVERIFIED_OFFICIAL_SOURCE,no_search_domain,UNVERIFIED,
CECO Environmental,,,,NEEDS_CHECK,gtm_revenue,gtm_revenue,Regional Sales Manager,https://himalayas.app/companies/ceco-environmental/jobs/regional-sales-manager,himalayas,1,1,False,,,0,UNVERIFIED_OFFICIAL_SOURCE,no_search_domain,UNVERIFIED,
Newfold Digital,,,,NEEDS_CHECK,gtm_revenue,gtm_revenue,SEO Manager,https://himalayas.app/companies/newfold-digital/jobs/seo-manager-6811856270,himalayas,1,1,False,,,0,UNVERIFIED_OFFICIAL_SOURCE,no_search_domain,UNVERIFIED,
DataRobot,,,,NEEDS_CHECK,gtm_revenue,gtm_revenue,Customer Success Engineer,https://himalayas.app/companies/datarobot/jobs/customer-success-engineer,himalayas,1,1,False,,,0,UNVERIFIED_OFFICIAL_SOURCE,no_search_domain,UNVERIFIED,
EverDriven,,,,NEEDS_CHECK,gtm_revenue,gtm_revenue,Customer Service Associate,https://himalayas.app/companies/everdriven/jobs/customer-service-associate,himalayas,1,1,False,,,0,UNVERIFIED_OFFICIAL_SOURCE,no_search_domain,UNVERIFIED,
Ergomed,,,,NEEDS_CHECK,gtm_revenue,gtm_revenue,Associate Case Processing Manager (Line Management position),https://himalayas.app/companies/ergomed/jobs/associate-case-processing-manager-line-management-position-2171615323,himalayas,1,1,False,,,0,UNVERIFIED_OFFICIAL_SOURCE,no_search_domain,UNVERIFIED,
Twingate,,,,NEEDS_CHECK,gtm_revenue,gtm_revenue,Senior DevOps Engineer,https://himalayas.app/companies/twingate/jobs/senior-devops-engineer,himalayas,1,1,False,,,0,UNVERIFIED_OFFICIAL_SOURCE,no_search_domain,UNVERIFIED,
Ipas,,,,NEEDS_CHECK,gtm_revenue,gtm_revenue,"Senior MERLA Advisor, Africa",https://himalayas.app/companies/ipas/jobs/senior-merla-advisor-africa,himalayas,1,1,False,,,0,UNVERIFIED_OFFICIAL_SOURCE,no_search_domain,UNVERIFIED,
GAF,,,,NEEDS_CHECK,gtm_revenue,gtm_revenue,Technical Sales Representative,https://himalayas.app/companies/gaf/jobs/technical-sales-representative-42005823,himalayas,1,1,False,,,0,UNVERIFIED_OFFICIAL_SOURCE,no_search_domain,UNVERIFIED,
"Zoom Communications, Inc.",,,,NEEDS_CHECK,gtm_revenue,gtm_revenue,State and Local Tax Lead,https://himalayas.app/companies/zoom-communications-inc/jobs/state-and-local-tax-lead-6491987738,himalayas,1,1,False,,,0,UNVERIFIED_OFFICIAL_SOURCE,no_search_domain,UNVERIFIED,
Wiley,,,,NEEDS_CHECK,gtm_revenue,gtm_revenue,Customer Success Manager,https://himalayas.app/companies/wiley/jobs/customer-success-manager-3038693315,himalayas,1,1,False,,,0,UNVERIFIED_OFFICIAL_SOURCE,no_search_domain,UNVERIFIED,
Brafton,,,,NEEDS_CHECK,gtm_revenue,gtm_revenue,Remote Content Marketing Strategist - Eastern Canada,https://himalayas.app/companies/brafton/jobs/remote-content-marketing-strategist-eastern-canada,himalayas,1,1,False,,,0,UNVERIFIED_OFFICIAL_SOURCE,no_search_domain,UNVERIFIED,
Via,,,,NEEDS_CHECK,gtm_revenue,gtm_revenue,Customer Service Representative (German-speaking),https://himalayas.app/companies/via/jobs/customer-service-representative-german-speaking,himalayas,1,1,False,,,0,UNVERIFIED_OFFICIAL_SOURCE,no_search_domain,UNVERIFIED,
FleetPride,,,,NEEDS_CHECK,gtm_revenue,gtm_revenue,Transportation Manager - Heavy Duty Truck Parts,https://himalayas.app/companies/fleetpride/jobs/transportation-manager-heavy-duty-truck-parts,himalayas,1,1,False,,,0,UNVERIFIED_OFFICIAL_SOURCE,no_search_domain,UNVERIFIED,
Pacvue,,,,NEEDS_CHECK,gtm_revenue,gtm_revenue,Senior DevOps Engineer,https://himalayas.app/companies/pacvue/jobs/senior-devops-engineer,himalayas,1,1,False,,,0,UNVERIFIED_OFFICIAL_SOURCE,no_search_domain,UNVERIFIED,
LUZA Group,,,,NEEDS_CHECK,gtm_revenue,gtm_revenue,Product Owner (PO) de BI / Data Analytics,https://himalayas.app/companies/luza-group/jobs/product-owner-po-de-bi-data-analytics,himalayas,1,1,False,,,0,UNVERIFIED_OFFICIAL_SOURCE,no_search_domain,UNVERIFIED,
Western Alliance Bank,,,,NEEDS_CHECK,gtm_revenue,gtm_revenue,Client Services Analyst III,https://himalayas.app/companies/western-alliance-bank/jobs/client-services-analyst-iii-6265978836,himalayas,1,1,False,,,0,UNVERIFIED_OFFICIAL_SOURCE,no_search_domain,UNVERIFIED,
"Galileo, Inc.",,,,NEEDS_CHECK,gtm_revenue,gtm_revenue,Inside Sales Representative,https://himalayas.app/companies/galileo-inc/jobs/inside-sales-representative,himalayas,1,1,False,,,0,UNVERIFIED_OFFICIAL_SOURCE,no_search_domain,UNVERIFIED,
ASU Preparatory Academy,,,,NEEDS_CHECK,gtm_revenue,gtm_revenue,Academic Success Advisor,https://himalayas.app/companies/asu/jobs/academic-success-advisor,himalayas,1,1,False,,,0,UNVERIFIED_OFFICIAL_SOURCE,no_search_domain,UNVERIFIED,
Cerence,,,,NEEDS_CHECK,gtm_revenue,gtm_revenue,Senior Software Engineer,https://himalayas.app/companies/cerence/jobs/senior-software-engineer,himalayas,1,1,False,,,0,UNVERIFIED_OFFICIAL_SOURCE,no_search_domain,UNVERIFIED,
Trane Technologies,,,,NEEDS_CHECK,gtm_revenue,gtm_revenue,"Account Executive - Gulf Shores (AL, GA. LA, MS)",https://himalayas.app/companies/trane-technologies/jobs/account-executive-gulf-shores-al-ga-la-ms,himalayas,1,1,False,,,0,UNVERIFIED_OFFICIAL_SOURCE,no_search_domain,UNVERIFIED,
Filevine,,,,NEEDS_CHECK,gtm_revenue,gtm_revenue,Architect I,https://himalayas.app/companies/filevine/jobs/architect-i-2618070940,himalayas,1,1,False,,,0,UNVERIFIED_OFFICIAL_SOURCE,no_search_domain,UNVERIFIED,
VendueTech,,,,NEEDS_CHECK,gtm_revenue,gtm_revenue,"Fundraising Operations Specialist - Europe, Part Time",https://himalayas.app/companies/venduetech/jobs/fundraising-operations-specialist-europe-part-time,himalayas,1,1,False,,,0,UNVERIFIED_OFFICIAL_SOURCE,no_search_domain,UNVERIFIED,
Honu Services,,,,NEEDS_CHECK,gtm_revenue,gtm_revenue,Subcontracts Administrator- Entry Level,https://himalayas.app/companies/honu-services/jobs/subcontracts-administrator-entry-level,himalayas,1,1,False,,,0,UNVERIFIED_OFFICIAL_SOURCE,no_search_domain,UNVERIFIED,
PureCars,,,,NEEDS_CHECK,gtm_revenue,gtm_revenue,Senior Dealer Success Manager,https://himalayas.app/companies/purecars/jobs/senior-dealer-success-manager,himalayas,1,1,False,,,0,UNVERIFIED_OFFICIAL_SOURCE,no_search_domain,UNVERIFIED,
Pigment,,,,NEEDS_CHECK,gtm_revenue,gtm_revenue,EPM Consultant - DACH,https://himalayas.app/companies/pigment/jobs/epm-consultant-dach,himalayas,1,1,False,,,0,UNVERIFIED_OFFICIAL_SOURCE,no_search_domain,UNVERIFIED,
Forge Performance Group,,,,NEEDS_CHECK,gtm_revenue,gtm_revenue,Modularization Delivery Consultant,https://himalayas.app/companies/forge-performance-group/jobs/modularization-delivery-consultant,himalayas,1,1,False,,,0,UNVERIFIED_OFFICIAL_SOURCE,no_search_domain,UNVERIFIED,
Bluelight Consulting,,,,NEEDS_CHECK,gtm_revenue,gtm_revenue,Software Engineer - Elixir/Phoenix - Remote - Latin America,https://himalayas.app/companies/bluelight-consulting/jobs/software-engineer-elixir-phoenix-remote-latin-america-9304509253,himalayas,1,1,False,,,0,UNVERIFIED_OFFICIAL_SOURCE,no_search_domain,UNVERIFIED,
Armanino LLP,,,,NEEDS_CHECK,gtm_revenue,gtm_revenue,Resource Management Specialist,https://himalayas.app/companies/armanino-llp/jobs/resource-management-specialist,himalayas,1,1,False,,,0,UNVERIFIED_OFFICIAL_SOURCE,no_search_domain,UNVERIFIED,
LCTCS,,,,NEEDS_CHECK,gtm_revenue,gtm_revenue,Adjunct Faculty: Social Sciences,https://himalayas.app/companies/lctcs/jobs/adjunct-faculty-social-sciences,himalayas,1,1,False,,,0,UNVERIFIED_OFFICIAL_SOURCE,no_search_domain,UNVERIFIED,
Brainrider,,,,NEEDS_CHECK,gtm_revenue,gtm_revenue,Senior Performance Marketing Specialist,https://himalayas.app/companies/brainrider/jobs/senior-performance-marketing-specialist-7852039749,himalayas,3,2,False,,,0,UNVERIFIED_OFFICIAL_SOURCE,no_search_domain,UNVERIFIED,
Roche,,,,NEEDS_CHECK,gtm_revenue,gtm_revenue,Technical Support Specialist 2 - IT,https://himalayas.app/companies/roche/jobs/technical-support-specialist-2-it,himalayas,1,1,False,,,0,UNVERIFIED_OFFICIAL_SOURCE,no_search_domain,UNVERIFIED,
Verdesian Life Sciences,,,,NEEDS_CHECK,gtm_revenue,gtm_revenue,"Account Manager, TX",https://himalayas.app/companies/verdesian-life-sciences/jobs/account-manager-tx,himalayas,1,1,False,,,0,UNVERIFIED_OFFICIAL_SOURCE,no_search_domain,UNVERIFIED,
KPA,,,,NEEDS_CHECK,gtm_revenue,gtm_revenue,Senior Security Engineer,https://himalayas.app/companies/kpa/jobs/senior-security-engineer,himalayas,1,1,False,,,0,UNVERIFIED_OFFICIAL_SOURCE,no_search_domain,UNVERIFIED,
College Board,,,,NEEDS_CHECK,gtm_revenue,gtm_revenue,Information Analyst,https://himalayas.app/companies/college-board/jobs/information-analyst-4291331405,himalayas,1,1,False,,,0,UNVERIFIED_OFFICIAL_SOURCE,no_search_domain,UNVERIFIED,
Cloudera,,,,NEEDS_CHECK,gtm_revenue,gtm_revenue,"Forward Deployed AI Engineer, Australia",https://himalayas.app/companies/cloudera/jobs/forward-deployed-ai-engineer-australia,himalayas,1,1,False,,,0,UNVERIFIED_OFFICIAL_SOURCE,no_search_domain,UNVERIFIED,
"QAD, Inc.",,,,NEEDS_CHECK,gtm_revenue,gtm_revenue,Customer Success Manager,https://himalayas.app/companies/qad-inc/jobs/customer-success-manager,himalayas,1,1,False,,,0,UNVERIFIED_OFFICIAL_SOURCE,no_search_domain,UNVERIFIED,
Medical Review Institute of America,,,,NEEDS_CHECK,gtm_revenue,gtm_revenue,Senior Azure Cloud Engineer,https://himalayas.app/companies/medical-review-institute-of-america/jobs/senior-azure-cloud-engineer,himalayas,1,1,False,,,0,UNVERIFIED_OFFICIAL_SOURCE,no_search_domain,UNVERIFIED,
"Marketplace Ministries, Inc.",,,,NEEDS_CHECK,gtm_revenue,gtm_revenue,"Chaplain (Part-Time) - Watertown, NY",https://himalayas.app/companies/marketplace-ministries-inc/jobs/chaplain-part-time-watertown-ny,himalayas,1,1,False,,,0,UNVERIFIED_OFFICIAL_SOURCE,no_search_domain,UNVERIFIED,
Miratech,,,,NEEDS_CHECK,gtm_revenue,gtm_revenue,Genesys Cloud Architect,https://himalayas.app/companies/miratech/jobs/genesys-cloud-architect-3667426014,himalayas,1,1,False,,,0,UNVERIFIED_OFFICIAL_SOURCE,no_search_domain,UNVERIFIED,
DXC Technology,,,,NEEDS_CHECK,gtm_revenue,gtm_revenue,Claims Adjuster,https://himalayas.app/companies/dxc-technology/jobs/claims-adjuster-156442238,himalayas,1,1,False,,,0,UNVERIFIED_OFFICIAL_SOURCE,no_search_domain,UNVERIFIED,
Proofpoint,,,,NEEDS_CHECK,gtm_revenue,gtm_revenue,"Senior Enterprise Account Manager, South Africa",https://himalayas.app/companies/proofpoint/jobs/senior-enterprise-account-manager-south-africa,himalayas,1,1,False,,,0,UNVERIFIED_OFFICIAL_SOURCE,no_search_domain,UNVERIFIED,
Boulevard,,,,NEEDS_CHECK,gtm_revenue,gtm_revenue,"Senior Product Marketing Manager, Enterprise Segment",https://himalayas.app/companies/boulevard/jobs/senior-product-marketing-manager-enterprise-segment,himalayas,1,1,False,,,0,UNVERIFIED_OFFICIAL_SOURCE,no_search_domain,UNVERIFIED,
Clinician Nexus,,,,NEEDS_CHECK,gtm_revenue,gtm_revenue,"Senior Manager, DevOps",https://himalayas.app/companies/clinician-nexus/jobs/senior-manager-devops-8760550234,himalayas,1,1,False,,,0,UNVERIFIED_OFFICIAL_SOURCE,no_search_domain,UNVERIFIED,
Unipesa,,,,NEEDS_CHECK,gtm_revenue,gtm_revenue,Key Account Manager,https://himalayas.app/companies/unipesa/jobs/key-account-manager,himalayas,1,1,False,,,0,UNVERIFIED_OFFICIAL_SOURCE,no_search_domain,UNVERIFIED,
Evotix,,,,NEEDS_CHECK,gtm_revenue,gtm_revenue,Managed Application Services Coordinator,https://himalayas.app/companies/evotix/jobs/managed-application-services-coordinator-2184063680,himalayas,1,1,False,,,0,UNVERIFIED_OFFICIAL_SOURCE,no_search_domain,UNVERIFIED,
P&G Advisors,,,,NEEDS_CHECK,gtm_revenue,gtm_revenue,"Client Success Manager — Accounting, Tax & Advisory Operations",https://himalayas.app/companies/p-g-advisors/jobs/client-success-manager-accounting-tax-advisory-operations,himalayas,1,1,False,,,0,UNVERIFIED_OFFICIAL_SOURCE,no_search_domain,UNVERIFIED,
FamilyWell Health,,,,NEEDS_CHECK,gtm_revenue,gtm_revenue,Marketing & Communications Manager,https://himalayas.app/companies/familywell-health/jobs/marketing-communications-manager,himalayas,1,1,False,,,0,UNVERIFIED_OFFICIAL_SOURCE,no_search_domain,UNVERIFIED,
Mozilla,,,,NEEDS_CHECK,gtm_revenue,gtm_revenue,Social Media Content Creator (Independent Contractor),https://himalayas.app/companies/mozilla/jobs/social-media-content-creator-independent-contractor,himalayas,1,1,False,,,0,UNVERIFIED_OFFICIAL_SOURCE,no_search_domain,UNVERIFIED,
Astreya,,,,NEEDS_CHECK,gtm_revenue,gtm_revenue,Funding Analyst,https://himalayas.app/companies/astreya/jobs/funding-analyst,himalayas,2,2,False,,,0,UNVERIFIED_OFFICIAL_SOURCE,no_search_domain,UNVERIFIED,
EnableComp,,,,NEEDS_CHECK,gtm_revenue,gtm_revenue,Sales Development Representative - Revenue Cycle Management,https://himalayas.app/companies/enablecomp/jobs/sales-development-representative-revenue-cycle-management,himalayas,1,1,False,,,0,UNVERIFIED_OFFICIAL_SOURCE,no_search_domain,UNVERIFIED,
Workday,,,,NEEDS_CHECK,gtm_revenue,gtm_revenue,Technical Eligibility Analyst - LHB,https://himalayas.app/companies/workday/jobs/technical-eligibility-analyst-lhb,himalayas,1,1,False,,,0,UNVERIFIED_OFFICIAL_SOURCE,no_search_domain,UNVERIFIED,
Meydenbauer Partners,,,,NEEDS_CHECK,gtm_revenue,gtm_revenue,Real Estate Operations & Administrative Coordinator | Remote - Philippines Based,https://himalayas.app/companies/meydenbauer-partners/jobs/real-estate-operations-administrative-coordinator-remote-philippines-based,himalayas,1,1,False,,,0,UNVERIFIED_OFFICIAL_SOURCE,no_search_domain,UNVERIFIED,
Hacken,,,,NEEDS_CHECK,gtm_revenue,gtm_revenue,Senior Account Executive,https://himalayas.app/companies/hacken/jobs/senior-account-executive,himalayas,1,1,False,,,0,UNVERIFIED_OFFICIAL_SOURCE,no_search_domain,UNVERIFIED,
FuseGlobal Partners,,,,NEEDS_CHECK,gtm_revenue,gtm_revenue,Recruitment Marketing Specialist,https://himalayas.app/companies/fuseglobal-partners/jobs/recruitment-marketing-specialist,himalayas,1,1,False,,,0,UNVERIFIED_OFFICIAL_SOURCE,no_search_domain,UNVERIFIED,
Capgemini Technology Services,,,,NEEDS_CHECK,gtm_revenue,gtm_revenue,FBS Workforce Architect Associate,https://himalayas.app/companies/capgemini-technology-services/jobs/fbs-workforce-architect-associate,himalayas,1,1,False,,,0,UNVERIFIED_OFFICIAL_SOURCE,no_search_domain,UNVERIFIED,
"Chickasaw Nation Industries, Inc.",,,,NEEDS_CHECK,gtm_revenue,gtm_revenue,Data Manager,https://himalayas.app/companies/chickasaw-nation-industries-inc/jobs/data-manager,himalayas,1,1,False,,,0,UNVERIFIED_OFFICIAL_SOURCE,no_search_domain,UNVERIFIED,
samedi,,,,NEEDS_CHECK,gtm_revenue,gtm_revenue,(Senior) Account Executive (m/w/d) – eHealth / SaaS,https://himalayas.app/companies/samedi/jobs/senior-account-executive-m-w-d-ehealth-saas,himalayas,1,1,False,,,0,UNVERIFIED_OFFICIAL_SOURCE,no_search_domain,UNVERIFIED,
Public Partnerships LLC,,,,NEEDS_CHECK,gtm_revenue,gtm_revenue,Payment Integrity Coordinator,https://himalayas.app/companies/public-partnerships-llc/jobs/payment-integrity-coordinator,himalayas,1,1,False,,,0,UNVERIFIED_OFFICIAL_SOURCE,no_search_domain,UNVERIFIED,
Arkansas Blue Cross,,,,NEEDS_CHECK,gtm_revenue,gtm_revenue,Enterprise Technology Architect,https://himalayas.app/companies/arkansas-blue-cross/jobs/enterprise-technology-architect,himalayas,1,1,False,,,0,UNVERIFIED_OFFICIAL_SOURCE,no_search_domain,UNVERIFIED,
AlphaSense,,,,NEEDS_CHECK,gtm_revenue,gtm_revenue,Senior Cloud Security Engineer,https://himalayas.app/companies/alphasense/jobs/senior-cloud-security-engineer,himalayas,1,1,False,,,0,UNVERIFIED_OFFICIAL_SOURCE,no_search_domain,UNVERIFIED,
Аrctic7,,,,NEEDS_CHECK,gtm_revenue,gtm_revenue,Senior Linux System Engineer,https://himalayas.app/companies/rctic7/jobs/senior-linux-system-engineer,himalayas,1,1,False,,,0,UNVERIFIED_OFFICIAL_SOURCE,no_search_domain,UNVERIFIED,
Attain Finance,attainfinance.com,,,NEEDS_CHECK,gtm_revenue,gtm_revenue,Financial Service Representative (Remote - BC & ON),https://himalayas.app/companies/attain-finance/jobs/financial-service-representative-remote-bc-on,himalayas,1,1,True,1,0,0,UNVERIFIED_OFFICIAL_SOURCE,no_title_match,UNVERIFIED,
AutoScale Ventures,,,,NEEDS_CHECK,gtm_revenue,gtm_revenue,"Senior Software Engineer, Canada",https://himalayas.app/companies/autoscale-ventures/jobs/senior-software-engineer-canada-7973603022,himalayas,1,1,False,,,0,UNVERIFIED_OFFICIAL_SOURCE,no_search_domain,UNVERIFIED,
Flinker,,,,NEEDS_CHECK,gtm_revenue,gtm_revenue,Technical Inbound / Consultative Seller (openBIM · Microsoft),https://himalayas.app/companies/flinker/jobs/technical-inbound-consultative-seller-openbim-microsoft,himalayas,1,1,False,,,0,UNVERIFIED_OFFICIAL_SOURCE,no_search_domain,UNVERIFIED,
Sophos,,,,NEEDS_CHECK,gtm_revenue,gtm_revenue,SI/MSSP Senior Channel Account Executive – Japan,https://himalayas.app/companies/sophos/jobs/si-mssp-senior-channel-account-executive-japan-4421190513,himalayas,1,1,False,,,0,UNVERIFIED_OFFICIAL_SOURCE,no_search_domain,UNVERIFIED,
dell,,,,NEEDS_CHECK,gtm_revenue,gtm_revenue,Retail Sales (リテール営業）,https://himalayas.app/companies/dell/jobs/retail-sales,himalayas,1,1,False,,,0,UNVERIFIED_OFFICIAL_SOURCE,no_search_domain,UNVERIFIED,
Unblu Inc.,,,,NEEDS_CHECK,gtm_revenue,gtm_revenue,"Account Executive SaaS - US, Remote",https://himalayas.app/companies/unblu-inc/jobs/account-executive-saas-us-remote,himalayas,1,1,False,,,0,UNVERIFIED_OFFICIAL_SOURCE,no_search_domain,UNVERIFIED,
Keystone Agency Partners (KAP),,,,NEEDS_CHECK,gtm_revenue,gtm_revenue,Integration Wave Manager,https://himalayas.app/companies/keystone-agency-partners-kap/jobs/integration-wave-manager-2057404383,himalayas,1,1,False,,,0,UNVERIFIED_OFFICIAL_SOURCE,no_search_domain,UNVERIFIED,
Porch Group,,,,NEEDS_CHECK,gtm_revenue,gtm_revenue,"Legal Counsel, Corporate & Securities",https://himalayas.app/companies/porch-group/jobs/legal-counsel-corporate-securities,himalayas,1,1,False,,,0,UNVERIFIED_OFFICIAL_SOURCE,no_search_domain,UNVERIFIED,
Neura Health,,,,NEEDS_CHECK,gtm_revenue,gtm_revenue,Telehealth Nurse Practitioner or Physician Assistant (Sleep Specialist),https://himalayas.app/companies/neura-health/jobs/telehealth-nurse-practitioner-or-physician-assistant-sleep-specialist,himalayas,1,1,False,,,0,UNVERIFIED_OFFICIAL_SOURCE,no_search_domain,UNVERIFIED,
Empower,,,,NEEDS_CHECK,gtm_revenue,gtm_revenue,Instruction Design Program Manager,https://himalayas.app/companies/empower-com/jobs/instruction-design-program-manager,himalayas,1,1,False,,,0,UNVERIFIED_OFFICIAL_SOURCE,no_search_domain,UNVERIFIED,
Crump Life Insurance Services,,,,NEEDS_CHECK,gtm_revenue,gtm_revenue,"Regional Insurance Strategist, TLIS",https://himalayas.app/companies/crump-life-insurance-services/jobs/regional-insurance-strategist-tlis,himalayas,1,1,False,,,0,UNVERIFIED_OFFICIAL_SOURCE,no_search_domain,UNVERIFIED,
Pendo,,,,NEEDS_CHECK,gtm_revenue,gtm_revenue,"Sr. Customer Engineer, Enterprise",https://himalayas.app/companies/pendo/jobs/sr-customer-engineer-enterprise,himalayas,1,1,False,,,0,UNVERIFIED_OFFICIAL_SOURCE,no_search_domain,UNVERIFIED,
Steampunk,,,,NEEDS_CHECK,gtm_revenue,gtm_revenue,Mulesoft QA/Tester,https://himalayas.app/companies/steampunk/jobs/mulesoft-qa-tester,himalayas,1,1,False,,,0,UNVERIFIED_OFFICIAL_SOURCE,no_search_domain,UNVERIFIED,
Correlation One,,,,NEEDS_CHECK,gtm_revenue,gtm_revenue,Lead Instructor: Aerospace Technician,https://himalayas.app/companies/correlation-one/jobs/lead-instructor-aerospace-technician,himalayas,1,1,False,,,0,UNVERIFIED_OFFICIAL_SOURCE,no_search_domain,UNVERIFIED,
Affirm,,,,NEEDS_CHECK,gtm_revenue,gtm_revenue,Internal Events Manager,https://himalayas.app/companies/affirm/jobs/internal-events-manager,himalayas,1,1,False,,,0,UNVERIFIED_OFFICIAL_SOURCE,no_search_domain,UNVERIFIED,
Iterable,,,,NEEDS_CHECK,gtm_revenue,gtm_revenue,Mid-Market Account Executive,https://himalayas.app/companies/iterable/jobs/mid-market-account-executive-6258536948,himalayas,1,1,False,,,0,UNVERIFIED_OFFICIAL_SOURCE,no_search_domain,UNVERIFIED,
Safeguard Global,,,,NEEDS_CHECK,gtm_revenue,gtm_revenue,HR Services Manager - UK & Ireland,https://himalayas.app/companies/safeguard-global/jobs/hr-services-manager-uk-ireland,himalayas,1,1,False,,,0,UNVERIFIED_OFFICIAL_SOURCE,no_search_domain,UNVERIFIED,
Applaudo Studios,,,,NEEDS_CHECK,gtm_revenue,gtm_revenue,Android Developer,https://himalayas.app/companies/applaudo-studios/jobs/android-developer-6169734172,himalayas,1,1,False,,,0,UNVERIFIED_OFFICIAL_SOURCE,no_search_domain,UNVERIFIED,
Motorola Solutions,,,,NEEDS_CHECK,gtm_revenue,gtm_revenue,Sr Regulatory Product Compliance Specialist,https://himalayas.app/companies/motorola-solutions/jobs/sr-regulatory-product-compliance-specialist,himalayas,1,1,False,,,0,UNVERIFIED_OFFICIAL_SOURCE,no_search_domain,UNVERIFIED,
Integrated Dermatology,,,,NEEDS_CHECK,gtm_revenue,gtm_revenue,Sr. Accountant - Provider Compensation,https://himalayas.app/companies/integrated-dermatology/jobs/sr-accountant-provider-compensation,himalayas,1,1,False,,,0,UNVERIFIED_OFFICIAL_SOURCE,no_search_domain,UNVERIFIED,
CRB Cunninghams,,,,NEEDS_CHECK,gtm_revenue,gtm_revenue,Marketing Manager,https://himalayas.app/companies/crb-cunninghams/jobs/marketing-manager,himalayas,1,1,False,,,0,UNVERIFIED_OFFICIAL_SOURCE,no_search_domain,UNVERIFIED,
nove8,,,,NEEDS_CHECK,gtm_revenue,gtm_revenue,Creative Marketing Lead,https://himalayas.app/companies/nove8/jobs/creative-marketing-lead,himalayas,1,1,False,,,0,UNVERIFIED_OFFICIAL_SOURCE,no_search_domain,UNVERIFIED,
Dutchie,,,,NEEDS_CHECK,gtm_revenue,gtm_revenue,"Senior Manager, Payments Risk",https://himalayas.app/companies/dutchie/jobs/senior-manager-payments-risk,himalayas,1,1,False,,,0,UNVERIFIED_OFFICIAL_SOURCE,no_search_domain,UNVERIFIED,
NAMSA,,,,NEEDS_CHECK,gtm_revenue,gtm_revenue,Project Manager,https://himalayas.app/companies/namsa/jobs/project-manager-115079781,himalayas,1,1,False,,,0,UNVERIFIED_OFFICIAL_SOURCE,no_search_domain,UNVERIFIED,
Destination Pet,,,,NEEDS_CHECK,gtm_revenue,gtm_revenue,People Programs Manager,https://himalayas.app/companies/destination-pet/jobs/people-programs-manager,himalayas,1,1,False,,,0,UNVERIFIED_OFFICIAL_SOURCE,no_search_domain,UNVERIFIED,
Fresh Prints,,,,NEEDS_CHECK,gtm_revenue,gtm_revenue,Production Artist,https://himalayas.app/companies/fresh-prints/jobs/production-artist-4168138944,himalayas,1,1,False,,,0,UNVERIFIED_OFFICIAL_SOURCE,no_search_domain,UNVERIFIED,
Genuine Parts Company,,,,NEEDS_CHECK,gtm_revenue,gtm_revenue,Autotech Technical Trainer,https://himalayas.app/companies/genuine-parts-company/jobs/autotech-technical-trainer,himalayas,1,1,False,,,0,UNVERIFIED_OFFICIAL_SOURCE,no_search_domain,UNVERIFIED,
MarketSource,,,,NEEDS_CHECK,gtm_revenue,gtm_revenue,WFH Sales Associate- M-F $14.50/hour,https://himalayas.app/companies/marketsource/jobs/wfh-sales-associate-m-f-14-50-hour,himalayas,1,1,False,,,0,UNVERIFIED_OFFICIAL_SOURCE,no_search_domain,UNVERIFIED,
Cority,,,,NEEDS_CHECK,gtm_revenue,gtm_revenue,Implementation Consultant- Environmental Management System,https://himalayas.app/companies/cority/jobs/implementation-consultant-environmental-management-system,himalayas,1,1,False,,,0,UNVERIFIED_OFFICIAL_SOURCE,no_search_domain,UNVERIFIED,
Datavant,,,,NEEDS_CHECK,gtm_revenue,gtm_revenue,"Client Partner, Real-World Evidence",https://himalayas.app/companies/datavant/jobs/client-partner-real-world-evidence-3588348962,himalayas,1,1,False,,,0,UNVERIFIED_OFFICIAL_SOURCE,no_search_domain,UNVERIFIED,
Circle,,,,NEEDS_CHECK,gtm_revenue,gtm_revenue,Senior Site Reliability Engineer - Infra Ops,https://himalayas.app/companies/circle-com/jobs/senior-site-reliability-engineer-infra-ops,himalayas,1,1,False,,,0,UNVERIFIED_OFFICIAL_SOURCE,no_search_domain,UNVERIFIED,
Fairway Independent Mortgage Corp.,,,,NEEDS_CHECK,gtm_revenue,gtm_revenue,Manufactured Housing Support Manager,https://himalayas.app/companies/fairway-independent-mortgage-corp/jobs/manufactured-housing-support-manager,himalayas,1,1,False,,,0,UNVERIFIED_OFFICIAL_SOURCE,no_search_domain,UNVERIFIED,
Provectus,,,,NEEDS_CHECK,gtm_revenue,gtm_revenue,UX/UI Trainee,https://himalayas.app/companies/provectus/jobs/ux-ui-trainee-3033596127,himalayas,1,1,False,,,0,UNVERIFIED_OFFICIAL_SOURCE,no_search_domain,UNVERIFIED,
BTG Pactual,,,,NEEDS_CHECK,gtm_revenue,gtm_revenue,Estágio Short Job | Automation - Development,https://himalayas.app/companies/btg-pactual/jobs/estagio-short-job-automation-development,himalayas,1,1,False,,,0,UNVERIFIED_OFFICIAL_SOURCE,no_search_domain,UNVERIFIED,
InlandRCM,,,,NEEDS_CHECK,gtm_revenue,gtm_revenue,Hospital Biller 1,https://himalayas.app/companies/inlandrcm/jobs/hospital-biller-1-407444179,himalayas,1,1,False,,,0,UNVERIFIED_OFFICIAL_SOURCE,no_search_domain,UNVERIFIED,
Live Nation Entertainment,,,,NEEDS_CHECK,gtm_revenue,gtm_revenue,"Manager, Resale Financial Planning & Analytics",https://himalayas.app/companies/live-nation-entertainment/jobs/manager-resale-financial-planning-analytics,himalayas,1,1,False,,,0,UNVERIFIED_OFFICIAL_SOURCE,no_search_domain,UNVERIFIED,
A-LIGN,,,,NEEDS_CHECK,gtm_revenue,gtm_revenue,ISO Staff Consultant,https://himalayas.app/companies/a-lign/jobs/iso-staff-consultant,himalayas,1,1,False,,,0,UNVERIFIED_OFFICIAL_SOURCE,no_search_domain,UNVERIFIED,
Sanoma Learning,,,,NEEDS_CHECK,gtm_revenue,gtm_revenue,UX Designer,https://himalayas.app/companies/sanoma-learning/jobs/ux-designer,himalayas,1,1,False,,,0,UNVERIFIED_OFFICIAL_SOURCE,no_search_domain,UNVERIFIED,
Betting Hero,,,,NEEDS_CHECK,gtm_revenue,gtm_revenue,Sports Betting Analyst,https://himalayas.app/companies/betting-hero/jobs/sports-betting-analyst,himalayas,1,1,False,,,0,UNVERIFIED_OFFICIAL_SOURCE,no_search_domain,UNVERIFIED,
Trackforce,,,,NEEDS_CHECK,gtm_revenue,gtm_revenue,Product Marketing Manager,https://himalayas.app/companies/trackforce/jobs/product-marketing-manager,himalayas,1,1,False,,,0,UNVERIFIED_OFFICIAL_SOURCE,no_search_domain,UNVERIFIED,
Pfizer,,,,NEEDS_CHECK,gtm_revenue,gtm_revenue,Health Representative (Oncology),https://himalayas.app/companies/pfizer/jobs/health-representative-oncology,himalayas,1,1,False,,,0,UNVERIFIED_OFFICIAL_SOURCE,no_search_domain,UNVERIFIED,
Mainspring Energy,,,,NEEDS_CHECK,gtm_revenue,gtm_revenue,"Senior Account Executive, Oil & Gas",https://himalayas.app/companies/mainspring-energy/jobs/senior-account-executive-oil-gas,himalayas,1,1,False,,,0,UNVERIFIED_OFFICIAL_SOURCE,no_search_domain,UNVERIFIED,
Oakheed,,,,NEEDS_CHECK,gtm_revenue,gtm_revenue,People and Culture Associate,https://himalayas.app/companies/oakheed/jobs/people-and-culture-associate,himalayas,1,1,False,,,0,UNVERIFIED_OFFICIAL_SOURCE,no_search_domain,UNVERIFIED,
Pure PM,,,,NEEDS_CHECK,gtm_revenue,gtm_revenue,"Implementation Entity Data Manager - Nationwide, US",https://himalayas.app/companies/pure-pm/jobs/implementation-entity-data-manager-nationwide-us-5572042478,himalayas,1,1,False,,,0,UNVERIFIED_OFFICIAL_SOURCE,no_search_domain,UNVERIFIED,
Partner ESI,,,,NEEDS_CHECK,gtm_revenue,gtm_revenue,Building Science Project Engineer - Experienced,https://himalayas.app/companies/partner-esi/jobs/building-science-project-engineer-experienced,himalayas,1,1,False,,,0,UNVERIFIED_OFFICIAL_SOURCE,no_search_domain,UNVERIFIED,
alx_africa,,,,NEEDS_CHECK,gtm_revenue,gtm_revenue,Learning Scientist,https://himalayas.app/companies/alx_africa/jobs/learning-scientist,himalayas,1,1,False,,,0,UNVERIFIED_OFFICIAL_SOURCE,no_search_domain,UNVERIFIED,
The Standard,,,,NEEDS_CHECK,gtm_revenue,gtm_revenue,Leave and Disability Examiner,https://himalayas.app/companies/the-standard/jobs/leave-and-disability-examiner-648005577,himalayas,1,1,False,,,0,UNVERIFIED_OFFICIAL_SOURCE,no_search_domain,UNVERIFIED,
MediaCo Holding,,,,NEEDS_CHECK,gtm_revenue,gtm_revenue,Senior Accounting Manager,https://himalayas.app/companies/mediaco-holding/jobs/senior-accounting-manager,himalayas,1,1,False,,,0,UNVERIFIED_OFFICIAL_SOURCE,no_search_domain,UNVERIFIED,
Veeam Software,,,,NEEDS_CHECK,gtm_revenue,gtm_revenue,Site Reliability Engineer,https://himalayas.app/companies/veeam-software/jobs/site-reliability-engineer,himalayas,1,1,False,,,0,UNVERIFIED_OFFICIAL_SOURCE,no_search_domain,UNVERIFIED,
Mactores,,,,NEEDS_CHECK,gtm_revenue,gtm_revenue,"Full Stack Product Engineer, Agent Native",https://himalayas.app/companies/mactores/jobs/full-stack-product-engineer-agent-native,himalayas,1,1,False,,,0,UNVERIFIED_OFFICIAL_SOURCE,no_search_domain,UNVERIFIED,
Oregon Lottery,,,,NEEDS_CHECK,gtm_revenue,gtm_revenue,"Senior Manager, Retail Operations",https://himalayas.app/companies/oregon-lottery/jobs/senior-manager-retail-operations,himalayas,1,1,False,,,0,UNVERIFIED_OFFICIAL_SOURCE,no_search_domain,UNVERIFIED,
HubSpot,,,,NEEDS_CHECK,gtm_revenue,gtm_revenue,"Senior Product Marketer, Pricing Strategy & Monetization",https://himalayas.app/companies/hubspot/jobs/senior-product-marketer-pricing-strategy-monetization,himalayas,1,1,False,,,0,UNVERIFIED_OFFICIAL_SOURCE,no_search_domain,UNVERIFIED,
ProAg,,,,NEEDS_CHECK,gtm_revenue,gtm_revenue,Regulatory Product Owner,https://himalayas.app/companies/proag/jobs/regulatory-product-owner,himalayas,1,1,False,,,0,UNVERIFIED_OFFICIAL_SOURCE,no_search_domain,UNVERIFIED,
Jobbex IT,,,,NEEDS_CHECK,gtm_revenue,gtm_revenue,DevSecOps Automation,https://himalayas.app/companies/jobbex-it/jobs/devsecops-automation,himalayas,1,1,False,,,0,UNVERIFIED_OFFICIAL_SOURCE,no_search_domain,UNVERIFIED,
Banyan Treatment Centers,,,,NEEDS_CHECK,gtm_revenue,gtm_revenue,"Telehealth Therapist (LMFT, LCSW, or LPC) - Remote (CO/AK Licensure) - Full-Time",https://himalayas.app/companies/banyan-treatment-centers/jobs/telehealth-therapist-lmft-lcsw-or-lpc-remote-co-ak-licensure-full-time,himalayas,1,1,False,,,0,UNVERIFIED_OFFICIAL_SOURCE,no_search_domain,UNVERIFIED,
Sprinklr,,,,NEEDS_CHECK,gtm_revenue,gtm_revenue,Sr Managed Services Consultant,https://himalayas.app/companies/sprinklr/jobs/sr-managed-services-consultant-1855049481,himalayas,1,1,False,,,0,UNVERIFIED_OFFICIAL_SOURCE,no_search_domain,UNVERIFIED,
BrightSpring Health Services,,,,NEEDS_CHECK,gtm_revenue,gtm_revenue,Specialty Admissions Coordinator / Remote,https://himalayas.app/companies/brightspring-health-services/jobs/specialty-admissions-coordinator-remote-3601131550,himalayas,1,1,False,,,0,UNVERIFIED_OFFICIAL_SOURCE,no_search_domain,UNVERIFIED,
Worldwide Clinical Trials,,,,NEEDS_CHECK,gtm_revenue,gtm_revenue,Site Identification and Relationship Manager,https://himalayas.app/companies/worldwide-clinical-trials/jobs/site-identification-and-relationship-manager,himalayas,1,1,False,,,0,UNVERIFIED_OFFICIAL_SOURCE,no_search_domain,UNVERIFIED,
Motive,,,,NEEDS_CHECK,gtm_revenue,gtm_revenue,Regional Sales Manager,https://himalayas.app/companies/motive/jobs/regional-sales-manager,himalayas,1,1,False,,,0,UNVERIFIED_OFFICIAL_SOURCE,no_search_domain,UNVERIFIED,
World Vision,,,,NEEDS_CHECK,gtm_revenue,gtm_revenue,Child Protection and Education Senior Adviser,https://himalayas.app/companies/world-vision/jobs/child-protection-and-education-senior-adviser,himalayas,1,1,False,,,0,UNVERIFIED_OFFICIAL_SOURCE,no_search_domain,UNVERIFIED,
LoanCare,,,,NEEDS_CHECK,gtm_revenue,gtm_revenue,Sr. Operations Financial Analyst-Staffing,https://himalayas.app/companies/loancare/jobs/sr-operations-financial-analyst-staffing,himalayas,1,1,False,,,0,UNVERIFIED_OFFICIAL_SOURCE,no_search_domain,UNVERIFIED,
Binance,,,,NEEDS_CHECK,gtm_revenue,gtm_revenue,Post Listing Account Manager (Alpha),https://himalayas.app/companies/binance/jobs/post-listing-account-manager-alpha,himalayas,1,1,False,,,0,UNVERIFIED_OFFICIAL_SOURCE,no_search_domain,UNVERIFIED,
Fivetran,,,,NEEDS_CHECK,gtm_revenue,gtm_revenue,"Senior Solutions Architect, Enterprise",https://himalayas.app/companies/fivetran/jobs/senior-solutions-architect-enterprise,himalayas,1,1,False,,,0,UNVERIFIED_OFFICIAL_SOURCE,no_search_domain,UNVERIFIED,
Mimecast,,,,NEEDS_CHECK,gtm_revenue,gtm_revenue,"Reseller Channel Account Manager, Territory",https://himalayas.app/companies/mimecast/jobs/reseller-channel-account-manager-territory,himalayas,1,1,False,,,0,UNVERIFIED_OFFICIAL_SOURCE,no_search_domain,UNVERIFIED,
Empat,,,,NEEDS_CHECK,gtm_revenue,gtm_revenue,Head of Sales,https://himalayas.app/companies/empat/jobs/head-of-sales,himalayas,1,1,False,,,0,UNVERIFIED_OFFICIAL_SOURCE,no_search_domain,UNVERIFIED,
Gravity Global,,,,NEEDS_CHECK,gtm_revenue,gtm_revenue,NetSuite Developer / Consultant,https://himalayas.app/companies/gravity-global/jobs/netsuite-developer-consultant-7342317763,himalayas,1,1,False,,,0,UNVERIFIED_OFFICIAL_SOURCE,no_search_domain,UNVERIFIED,
Accenture,,,,NEEDS_CHECK,gtm_revenue,gtm_revenue,"Infrastructure & Capital Projects – Procurement Specialist, ANS",https://himalayas.app/companies/accenture/jobs/infrastructure-capital-projects-procurement-specialist-ans,himalayas,5,3,False,,,0,UNVERIFIED_OFFICIAL_SOURCE,no_search_domain,UNVERIFIED,
Precision Medicine Group,,,,NEEDS_CHECK,gtm_revenue,gtm_revenue,Senior/Contracts and Budget Associate,https://himalayas.app/companies/precision-medicine-group/jobs/senior-contracts-and-budget-associate,himalayas,1,1,False,,,0,UNVERIFIED_OFFICIAL_SOURCE,no_search_domain,UNVERIFIED,
Finance of America,,,,NEEDS_CHECK,gtm_revenue,gtm_revenue,Identity Architect,https://himalayas.app/companies/finance-of-america/jobs/identity-architect,himalayas,1,1,False,,,0,UNVERIFIED_OFFICIAL_SOURCE,no_search_domain,UNVERIFIED,
Creatunity LLC,,,,NEEDS_CHECK,gtm_revenue,gtm_revenue,Direct Response Copywriter (Proven Experience Required),https://himalayas.app/companies/creatunity-llc/jobs/direct-response-copywriter-proven-experience-required-1417287733,himalayas,1,1,False,,,0,UNVERIFIED_OFFICIAL_SOURCE,no_search_domain,UNVERIFIED,
MRI Software,,,,NEEDS_CHECK,gtm_revenue,gtm_revenue,Senior Legal Counsel,https://himalayas.app/companies/mri-software/jobs/senior-legal-counsel-7828961522,himalayas,1,1,False,,,0,UNVERIFIED_OFFICIAL_SOURCE,no_search_domain,UNVERIFIED,
Advantage,,,,NEEDS_CHECK,gtm_revenue,gtm_revenue,Consultor Junior,https://himalayas.app/companies/advantage/jobs/consultor-junior,himalayas,1,1,False,,,0,UNVERIFIED_OFFICIAL_SOURCE,no_search_domain,UNVERIFIED,
Mondelēz International,,,,NEEDS_CHECK,gtm_revenue,gtm_revenue,WFM Support Coordinator,https://himalayas.app/companies/mondelez-international/jobs/wfm-support-coordinator-9356461202,himalayas,2,2,False,,,0,UNVERIFIED_OFFICIAL_SOURCE,no_search_domain,UNVERIFIED,
CARTO,,,,NEEDS_CHECK,gtm_revenue,gtm_revenue,Senior Software Engineer — Spatial Analytics & Open Formats,https://himalayas.app/companies/cartodb/jobs/senior-software-engineer-spatial-analytics-open-formats-6287165667,himalayas,1,1,False,,,0,UNVERIFIED_OFFICIAL_SOURCE,no_search_domain,UNVERIFIED,
Vans,,,,NEEDS_CHECK,gtm_revenue,gtm_revenue,Vans: Senior Strategic Account Manager,https://himalayas.app/companies/vans/jobs/vans-senior-strategic-account-manager,himalayas,1,1,False,,,0,UNVERIFIED_OFFICIAL_SOURCE,no_search_domain,UNVERIFIED,
Voya Financial,,,,NEEDS_CHECK,gtm_revenue,gtm_revenue,Senior Actuarial Associate - Model Validation,https://himalayas.app/companies/voya-financial/jobs/senior-actuarial-associate-model-validation-4678747073,himalayas,1,1,False,,,0,UNVERIFIED_OFFICIAL_SOURCE,no_search_domain,UNVERIFIED,
"Zeiders Enterprises, Inc.",,,,NEEDS_CHECK,gtm_revenue,gtm_revenue,Remote Centralized Scheduler,https://himalayas.app/companies/zeiders-enterprises-inc/jobs/remote-centralized-scheduler,himalayas,1,1,False,,,0,UNVERIFIED_OFFICIAL_SOURCE,no_search_domain,UNVERIFIED,
Bond Vet,,,,NEEDS_CHECK,gtm_revenue,gtm_revenue,Remote Care Coordinator - Veterinary,https://himalayas.app/companies/bond-vet/jobs/remote-care-coordinator-veterinary-376877866,himalayas,1,1,False,,,0,UNVERIFIED_OFFICIAL_SOURCE,no_search_domain,UNVERIFIED,
BlackStone eIT,,,,NEEDS_CHECK,gtm_revenue,gtm_revenue,iOS Developer,https://himalayas.app/companies/blackstone-eit/jobs/ios-developer,himalayas,1,1,False,,,0,UNVERIFIED_OFFICIAL_SOURCE,no_search_domain,UNVERIFIED,
Happy Health,,,,NEEDS_CHECK,gtm_revenue,gtm_revenue,50-State Licensed Sleep Medicine Physician,https://himalayas.app/companies/happy-health/jobs/50-state-licensed-sleep-medicine-physician,himalayas,1,1,False,,,0,UNVERIFIED_OFFICIAL_SOURCE,no_search_domain,UNVERIFIED,
Infios,,,,NEEDS_CHECK,gtm_revenue,gtm_revenue,Senior Project Manager,https://himalayas.app/companies/infios/jobs/senior-project-manager,himalayas,1,1,False,,,0,UNVERIFIED_OFFICIAL_SOURCE,no_search_domain,UNVERIFIED,
Sybilla Technologies,,,,NEEDS_CHECK,gtm_revenue,gtm_revenue,Project Manager (Grants & Commercial Projects),https://himalayas.app/companies/sybilla-technologies/jobs/project-manager-grants-commercial-projects,himalayas,1,1,False,,,0,UNVERIFIED_OFFICIAL_SOURCE,no_search_domain,UNVERIFIED,
GoCanvas,,,,NEEDS_CHECK,gtm_revenue,gtm_revenue,Support Specialist,https://himalayas.app/companies/gocanvas/jobs/support-specialist,himalayas,1,1,False,,,0,UNVERIFIED_OFFICIAL_SOURCE,no_search_domain,UNVERIFIED,
Drivetrain,,,,NEEDS_CHECK,gtm_revenue,gtm_revenue,Site Reliability Engineer - SRE,https://himalayas.app/companies/drivetrain/jobs/site-reliability-engineer-sre,himalayas,1,1,False,,,0,UNVERIFIED_OFFICIAL_SOURCE,no_search_domain,UNVERIFIED,
Mood Health,,,,NEEDS_CHECK,gtm_revenue,gtm_revenue,Telehealth Therapist: Associate Marriage and Family Therapist,https://himalayas.app/companies/mood-health/jobs/telehealth-therapist-associate-marriage-and-family-therapist,himalayas,1,1,False,,,0,UNVERIFIED_OFFICIAL_SOURCE,no_search_domain,UNVERIFIED,
"Ocular Therapeutix, Inc.",,,,NEEDS_CHECK,gtm_revenue,gtm_revenue,Executive Administrative Assistant,https://himalayas.app/companies/ocular-therapeutix-inc/jobs/executive-administrative-assistant,himalayas,1,1,False,,,0,UNVERIFIED_OFFICIAL_SOURCE,no_search_domain,UNVERIFIED,
Genesys,,,,NEEDS_CHECK,gtm_revenue,gtm_revenue,Senior Product Commercialization and Readiness Manager,https://himalayas.app/companies/genesys/jobs/senior-product-commercialization-and-readiness-manager,himalayas,1,1,False,,,0,UNVERIFIED_OFFICIAL_SOURCE,no_search_domain,UNVERIFIED,
Blackbird Health,,,,NEEDS_CHECK,gtm_revenue,gtm_revenue,Intake Psychiatric Mental Health Nurse Practitioner - PMHNP,https://himalayas.app/companies/blackbird-health/jobs/intake-psychiatric-mental-health-nurse-practitioner-pmhnp,himalayas,1,1,False,,,0,UNVERIFIED_OFFICIAL_SOURCE,no_search_domain,UNVERIFIED,
Able,,,,NEEDS_CHECK,gtm_revenue,gtm_revenue,AI Senior Engineer - Vision,https://himalayas.app/companies/able-co/jobs/ai-senior-engineer-vision,himalayas,1,1,False,,,0,UNVERIFIED_OFFICIAL_SOURCE,no_search_domain,UNVERIFIED,
AmerisourceBergen,,,,NEEDS_CHECK,gtm_revenue,gtm_revenue,"Senior Scrum Master, Scrum Master",https://himalayas.app/companies/amerisourcebergen/jobs/senior-scrum-master-scrum-master,himalayas,1,1,False,,,0,UNVERIFIED_OFFICIAL_SOURCE,no_search_domain,UNVERIFIED,
Little Caesars,,,,NEEDS_CHECK,gtm_revenue,gtm_revenue,Identity Security Engineer,https://himalayas.app/companies/little-caesars/jobs/identity-security-engineer,himalayas,1,1,False,,,0,UNVERIFIED_OFFICIAL_SOURCE,no_search_domain,UNVERIFIED,
Canonical Ltd.,,,,NEEDS_CHECK,gtm_revenue,gtm_revenue,Marketing Manager,https://jobicy.com/jobs/148814-marketing-manager,jobicy,1,1,False,,,0,UNVERIFIED_OFFICIAL_SOURCE,no_search_domain,UNVERIFIED,
Double,,,,NEEDS_CHECK,gtm_revenue,gtm_revenue,Customer Success Manager,https://jobicy.com/jobs/148785-customer-success-manager-2,jobicy,1,1,False,,,0,UNVERIFIED_OFFICIAL_SOURCE,no_search_domain,UNVERIFIED,
Kazaar Fragrances,,,,NEEDS_CHECK,gtm_revenue,gtm_revenue,"Brand & Creative Designer (Freelance, 100% Remote)",https://weworkremotely.com/remote-jobs/kazaar-fragrances-brand-creative-designer-freelance-100-remote,weworkremotely,1,1,False,,,0,UNVERIFIED_OFFICIAL_SOURCE,no_search_domain,UNVERIFIED,
Mukti Switzerland,,,,NEEDS_CHECK,gtm_revenue,gtm_revenue,Creating Connections That Inspire Success,https://remoteOK.com/remote-jobs/remote-creating-connections-that-inspire-success-mukti-switzerland-1136267,remoteok,1,1,False,,,0,UNVERIFIED_OFFICIAL_SOURCE,no_search_domain,UNVERIFIED,
Elockers.Com Pty Ltd,,,,NEEDS_CHECK,gtm_revenue,gtm_revenue,YHA QUEENSLAND,https://remoteOK.com/remote-jobs/remote-yha-queensland-elockers-com-pty-ltd-1136265,remoteok,1,1,False,,,0,UNVERIFIED_OFFICIAL_SOURCE,no_search_domain,UNVERIFIED,
